Country,ISO3,region,subregion,intermediateregion,lac,lac_main,idb,region_map,image,1/23/2020,1/24/2020,1/25/2020,1/26/2020,1/27/2020,1/28/2020,1/29/2020,1/30/2020,1/31/2020,2/1/2020,2/2/2020,2/3/2020,2/4/2020,2/5/2020,2/6/2020,2/7/2020,2/8/2020,2/9/2020,2/10/2020,2/11/2020,2/12/2020,2/13/2020,2/14/2020,2/15/2020,2/16/2020,2/17/2020,2/18/2020,2/19/2020,2/20/2020,2/21/2020,2/22/2020,2/23/2020,2/24/2020,2/25/2020,2/26/2020,2/27/2020,2/28/2020,2/29/2020,3/1/2020,3/2/2020,3/3/2020,3/4/2020,3/5/2020,3/6/2020,3/7/2020,3/8/2020,3/9/2020,3/10/2020,3/11/2020,3/12/2020,3/13/2020,3/14/2020,3/15/2020,3/16/2020,3/17/2020,3/18/2020,3/19/2020,3/20/2020,3/21/2020,3/22/2020,3/23/2020,3/24/2020,3/25/2020,3/26/2020,3/27/2020,3/28/2020,3/29/2020,3/30/2020,3/31/2020,4/1/2020,4/2/2020,4/3/2020,4/4/2020,4/5/2020,4/6/2020,4/7/2020,4/8/2020,4/9/2020,4/10/2020,4/11/2020,4/12/2020,4/13/2020,4/14/2020,4/15/2020,4/16/2020,4/17/2020,4/18/2020,4/19/2020,4/20/2020
Zimbabwe,ZWE,Africa,Sub-Saharan Africa,Eastern Africa,.,.,.,Africa,https://www.countryflags.io/zw/flat/64.png,0,0,0,0,0,0,0,0,0,0,0,0,0,0,0,0,0,0,0,0,0,0,0,0,0,0,0,0,0,0,0,0,0,0,0,0,0,0,0,0,0,0,0,0,0,0,0,0,0,0,0,0,0,0,0,0,0,1,2,0,0,0,0,0,2,2,0,0,1,0,1,0,0,0,1,1,0,0,2,1,0,3,0,6,0,1,1,0,0
Zambia,ZMB,Africa,Sub-Saharan Africa,Eastern Africa,.,.,.,Africa,https://www.countryflags.io/zm/flat/64.png,0,0,0,0,0,0,0,0,0,0,0,0,0,0,0,0,0,0,0,0,0,0,0,0,0,0,0,0,0,0,0,0,0,0,0,0,0,0,0,0,0,0,0,0,0,0,0,0,0,0,0,0,0,0,0,2,0,0,0,1,0,0,9,4,6,6,1,6,0,1,3,0,0,0,0,0,0,0,1,0,3,2,0,3,0,4,5,4,4
Yemen,YEM,Asia,Western Asia,,.,.,.,,,0,0,0,0,0,0,0,0,0,0,0,0,0,0,0,0,0,0,0,0,0,0,0,0,0,0,0,0,0,0,0,0,0,0,0,0,0,0,0,0,0,0,0,0,0,0,0,0,0,0,0,0,0,0,0,0,0,0,0,0,0,0,0,0,0,0,0,0,0,0,0,0,0,0,0,0,0,0,1,0,0,0,0,0,0,0,0,0,0
Western Sahara,ESH,Africa,Northern Africa,,.,.,.,,,0,0,0,0,0,0,0,0,0,0,0,0,0,0,0,0,0,0,0,0,0,0,0,0,0,0,0,0,0,0,0,0,0,0,0,0,0,0,0,0,0,0,0,0,0,0,0,0,0,0,0,0,0,0,0,0,0,0,0,0,0,0,0,0,0,0,0,0,0,0,0,0,0,4,0,0,0,0,0,0,2,0,0,0,0,0,0,0,0
West Bank and Gaza,PSE,Asia,,,.,.,.,Asia,https://www.countryflags.io/ps/flat/64.png,0,0,0,0,0,0,0,0,0,0,0,0,0,0,0,0,0,0,0,0,0,0,0,0,0,0,0,0,0,0,0,0,0,0,0,0,0,0,0,0,0,0,4,3,9,0,3,7,4,0,1,4,3,0,1,2,3,3,1,4,7,0,0,25,7,7,11,7,3,15,27,33,23,20,17,7,2,0,4,1,22,18,0,66,0,28,16,19,12
Vietnam,VNM,Asia,South-eastern Asia,,.,.,.,Asia,https://www.countryflags.io/vn/flat/64.png,2,0,0,0,0,0,0,0,0,4,0,2,0,0,2,0,3,0,1,1,0,1,0,0,0,0,0,0,0,0,0,0,0,0,0,0,0,0,0,0,0,0,0,0,2,12,0,1,7,1,8,6,3,5,5,9,10,6,3,19,10,11,7,12,10,11,14,15,9,6,15,4,3,1,4,4,2,4,2,1,4,3,1,1,1,0,0,0,0
Venezuela,VEN,Americas,Latin America and the Caribbean,South America,1,1,1,Americas,https://www.countryflags.io/ve/flat/64.png,0,0,0,0,0,0,0,0,0,0,0,0,0,0,0,0,0,0,0,0,0,0,0,0,0,0,0,0,0,0,0,0,0,0,0,0,0,0,0,0,0,0,0,0,0,0,0,0,0,0,0,2,8,7,16,3,6,0,28,0,7,7,7,16,0,12,0,16,0,8,3,7,2,4,6,0,2,4,0,4,6,8,0,8,7,0,23,29,0
Uzbekistan,UZB,Asia,Central Asia,,.,.,.,Asia,https://www.countryflags.io/uz/flat/64.png,0,0,0,0,0,0,0,0,0,0,0,0,0,0,0,0,0,0,0,0,0,0,0,0,0,0,0,0,0,0,0,0,0,0,0,0,0,0,0,0,0,0,0,0,0,0,0,0,0,0,0,0,1,5,4,5,8,10,10,0,3,4,10,15,13,16,40,5,23,9,24,22,39,76,115,63,25,37,42,143,98,133,167,137,47,56,85,75,62
Uruguay,URY,Americas,Latin America and the Caribbean,South America,1,1,1,Americas,https://www.countryflags.io/uy/flat/64.png,0,0,0,0,0,0,0,0,0,0,0,0,0,0,0,0,0,0,0,0,0,0,0,0,0,0,0,0,0,0,0,0,0,0,0,0,0,0,0,0,0,0,0,0,0,0,0,0,0,0,0,4,0,4,21,21,29,15,16,48,4,0,27,28,21,36,30,6,28,0,12,19,31,0,6,18,0,32,17,21,-14,0,3,9,10,0,6,9,18
United States,USA,Americas,Northern America,,.,.,.,Americas,https://www.countryflags.io/us/flat/64.png,0,1,0,3,0,0,0,0,2,1,0,3,0,0,0,0,0,0,0,1,0,1,0,0,0,0,0,0,0,2,0,0,36,0,6,1,2,8,6,24,20,31,68,45,140,116,65,376,322,382,516,548,772,1133,1789,1362,5964,5526,6327,7676,10567,9893,12042,18058,17821,19808,19444,20922,26341,25200,30390,31824,33267,28219,29595,30838,31547,33728,33755,29861,28917,25306,27051,28680,31242,32114,32491,26889,25240
United Kingdom,GBR,Europe,Northern Europe,,.,.,.,Europe,https://www.countryflags.io/gb/flat/64.png,0,0,0,0,0,0,0,0,2,0,0,0,0,0,0,1,0,0,5,0,1,0,0,0,0,0,0,0,0,0,0,0,4,0,0,2,5,3,13,4,11,34,30,48,43,67,48,61,74,0,342,342,0,403,407,676,63,1294,1035,665,967,1427,1452,2129,2885,2546,2433,2619,3009,4324,4244,4450,3735,5903,3802,3634,5491,4344,8681,5233,5288,4342,5252,4603,4617,5599,5525,5850,4676
United Arab Emirates,ARE,Asia,Western Asia,,.,.,.,Asia,https://www.countryflags.io/ae/flat/64.png,0,0,0,0,0,0,4,0,0,0,1,0,0,0,0,0,2,0,1,0,0,0,0,0,1,0,0,0,0,0,4,0,0,0,0,0,6,2,0,0,6,0,2,0,16,0,0,29,0,11,0,0,13,0,0,15,27,0,13,0,45,50,85,0,72,63,102,41,53,150,210,240,241,294,277,283,300,331,370,376,387,398,412,432,460,477,0,479,484
Ukraine,UKR,Europe,Eastern Europe,,.,.,.,Europe,https://www.countryflags.io/ua/flat/64.png,0,0,0,0,0,0,0,0,0,0,0,0,0,0,0,0,0,0,0,0,0,0,0,0,0,0,0,0,0,0,0,0,0,0,0,0,0,0,0,0,1,0,0,0,0,0,0,0,0,0,2,0,0,4,7,0,2,13,18,26,0,24,48,51,114,46,119,73,97,149,103,175,153,83,11,143,206,224,311,308,266,325,270,392,397,501,444,343,261
Uganda,UGA,Africa,Sub-Saharan Africa,Eastern Africa,.,.,.,Africa,https://www.countryflags.io/ug/flat/64.png,0,0,0,0,0,0,0,0,0,0,0,0,0,0,0,0,0,0,0,0,0,0,0,0,0,0,0,0,0,0,0,0,0,0,0,0,0,0,0,0,0,0,0,0,0,0,0,0,0,0,0,0,0,0,0,0,0,0,1,0,8,0,5,0,9,7,3,0,11,0,1,3,0,4,0,0,1,0,0,0,1,0,1,0,0,1,-1,0,1
Turks and Caicos Islands,TCA,Americas,Latin America and the Caribbean,Caribbean,1,.,.,Americas,https://www.countryflags.io/tc/flat/64.png,0,0,0,0,0,0,0,0,0,0,0,0,0,0,0,0,0,0,0,0,0,0,0,0,0,0,0,0,0,0,0,0,0,0,0,0,0,0,0,0,0,0,0,0,0,0,0,0,0,0,0,0,0,0,0,0,0,0,0,0,0,0,0,0,0,4,0,1,0,1,-1,0,0,0,3,0,0,0,0,0,1,1,0,0,1,0,0,0,0
Turkey,TUR,Asia,Western Asia,,.,.,.,Asia,https://www.countryflags.io/tr/flat/64.png,0,0,0,0,0,0,0,0,0,0,0,0,0,0,0,0,0,0,0,0,0,0,0,0,0,0,0,0,0,0,0,0,0,0,0,0,0,0,0,0,0,0,0,0,0,0,0,0,1,0,4,0,1,12,29,51,94,167,311,566,293,343,561,1196,2069,1704,1815,1610,2704,2148,2456,2786,3013,3135,3148,3892,4117,4056,4747,5138,4789,4093,4062,4281,4801,4353,3783,3977,4674
Tunisia,TUN,Africa,Northern Africa,,.,.,.,Africa,https://www.countryflags.io/tn/flat/64.png,0,0,0,0,0,0,0,0,0,0,0,0,0,0,0,0,0,0,0,0,0,0,0,0,0,0,0,0,0,0,0,0,0,0,0,0,0,0,0,0,0,1,0,0,0,1,0,3,2,0,9,2,0,2,4,5,10,15,6,15,14,25,59,24,30,51,34,0,82,29,32,40,58,21,22,27,5,15,28,14,22,19,21,33,42,42,0,15,5
Trinidad and Tobago,TTO,Americas,Latin America and the Caribbean,Caribbean,1,3,1,Americas,https://www.countryflags.io/tt/flat/64.png,0,0,0,0,0,0,0,0,0,0,0,0,0,0,0,0,0,0,0,0,0,0,0,0,0,0,0,0,0,0,0,0,0,0,0,0,0,0,0,0,0,0,0,0,0,0,0,0,0,0,0,2,0,2,1,2,2,0,40,1,1,6,3,5,1,8,4,4,5,3,4,4,5,1,1,2,0,2,0,3,1,0,0,1,0,0,0,0,0
Togo,TGO,Africa,Sub-Saharan Africa,Western Africa,.,.,.,Africa,https://www.countryflags.io/tg/flat/64.png,0,0,0,0,0,0,0,0,0,0,0,0,0,0,0,0,0,0,0,0,0,0,0,0,0,0,0,0,0,0,0,0,0,0,0,0,0,0,0,0,0,0,0,1,0,0,0,0,0,0,0,0,0,0,0,0,0,8,7,0,2,2,3,0,2,0,0,5,4,2,3,1,1,3,14,7,5,3,3,0,0,1,0,4,0,2,1,0,0
Timor-Leste,TLS,Asia,South-eastern Asia,,.,.,.,Asia,https://www.countryflags.io/tl/flat/64.png,0,0,0,0,0,0,0,0,0,0,0,0,0,0,0,0,0,0,0,0,0,0,0,0,0,0,0,0,0,0,0,0,0,0,0,0,0,0,0,0,0,0,0,0,0,0,0,0,0,0,0,0,0,0,0,0,0,0,0,1,0,0,0,0,0,0,0,0,0,0,0,0,0,0,0,0,0,0,1,0,0,2,2,2,10,0,0,1,3
Thailand,THA,Asia,South-eastern Asia,,.,.,.,Asia,https://www.countryflags.io/th/flat/64.png,1,2,2,1,0,6,0,0,5,0,0,0,6,0,0,0,7,0,0,1,0,0,0,0,1,1,0,0,0,0,0,0,0,2,3,0,1,1,0,1,0,0,4,1,2,0,0,3,6,11,5,7,32,33,30,35,60,50,89,188,122,106,107,111,91,109,143,136,127,120,104,103,89,102,51,38,111,54,50,45,33,28,34,30,29,28,33,32,27
Tanzania,TZA,Africa,Sub-Saharan Africa,Eastern Africa,.,.,.,Africa,https://www.countryflags.io/tz/flat/64.png,0,0,0,0,0,0,0,0,0,0,0,0,0,0,0,0,0,0,0,0,0,0,0,0,0,0,0,0,0,0,0,0,0,0,0,0,0,0,0,0,0,0,0,0,0,0,0,0,0,0,0,0,0,1,0,2,3,0,0,6,0,0,0,1,0,1,0,5,0,1,0,0,0,2,2,0,1,0,7,0,0,17,4,35,6,53,0,23,84
Taiwan,TWN,Asia,Eastern Asia,,.,.,.,,,0,2,0,1,1,3,0,1,1,0,0,0,1,0,5,0,1,1,0,0,0,0,0,0,2,2,0,1,1,2,0,2,2,1,1,0,2,5,1,1,1,0,2,1,0,0,0,2,1,1,1,3,6,8,10,23,8,27,18,16,26,20,20,17,15,16,15,8,16,7,10,9,7,8,10,3,3,1,2,3,3,5,0,2,0,0,3,22,2
Syria,SYR,Asia,Western Asia,,.,.,.,Asia,https://www.countryflags.io/sy/flat/64.png,0,0,0,0,0,0,0,0,0,0,0,0,0,0,0,0,0,0,0,0,0,0,0,0,0,0,0,0,0,0,0,0,0,0,0,0,0,0,0,0,0,0,0,0,0,0,0,0,0,0,0,0,0,0,0,0,0,0,0,1,0,0,4,0,0,0,4,1,0,0,6,0,0,3,0,0,0,0,0,6,0,0,4,4,0,5,0,1,0
Switzerland,CHE,Europe,Western Europe,,.,.,.,Europe,https://www.countryflags.io/ch/flat/64.png,0,0,0,0,0,0,0,0,0,0,0,0,0,0,0,0,0,0,0,0,0,0,0,0,0,0,0,0,0,0,0,0,0,1,0,7,0,10,9,15,14,34,24,100,54,69,37,117,161,0,487,220,841,0,500,328,1047,1219,1281,899,1321,1082,1020,914,1117,1148,753,1093,683,1163,1059,779,899,595,557,596,1027,771,500,556,308,273,248,400,396,346,326,336,204
Sweden,SWE,Europe,Northern Europe,,.,.,.,Europe,https://www.countryflags.io/se/flat/64.png,0,0,0,0,0,0,0,0,1,0,0,0,0,0,0,0,0,0,0,0,0,0,0,0,0,0,0,0,0,0,0,0,0,0,1,5,0,5,2,1,6,14,59,7,60,42,45,107,145,99,215,147,61,81,87,89,160,200,124,171,112,240,240,314,229,378,253,328,407,512,621,563,312,387,376,487,726,722,544,466,332,465,497,482,613,676,606,563,392
Suriname,SUR,Americas,Latin America and the Caribbean,South America,1,1,1,Americas,https://www.countryflags.io/sr/flat/64.png,0,0,0,0,0,0,0,0,0,0,0,0,0,0,0,0,0,0,0,0,0,0,0,0,0,0,0,0,0,0,0,0,0,0,0,0,0,0,0,0,0,0,0,0,0,0,0,0,0,0,0,1,0,0,0,0,0,3,0,1,0,2,1,0,0,0,0,0,1,1,0,0,0,0,0,0,0,0,0,0,0,0,0,0,0,0,0,0,0
Sudan,SDN,Africa,Northern Africa,,.,.,.,Africa,https://www.countryflags.io/sd/flat/64.png,0,0,0,0,0,0,0,0,0,0,0,0,0,0,0,0,0,0,0,0,0,0,0,0,0,0,0,0,0,0,0,0,0,0,0,0,0,0,0,0,0,0,0,0,0,0,0,0,0,0,1,0,0,0,0,1,0,0,0,0,0,1,0,0,0,2,1,0,1,0,1,2,0,2,0,2,0,1,2,2,0,10,3,0,0,1,33,0,41
St Martin,MAF,Americas,Latin America and the Caribbean,Caribbean,1,.,.,Americas,https://www.countryflags.io/mf/flat/64.png,0,0,0,0,0,0,0,0,0,0,0,0,0,0,0,0,0,0,0,0,0,0,0,0,0,0,0,0,0,0,0,0,0,0,0,0,0,0,0,0,0,0,0,0,0,0,2,0,0,0,0,0,0,0,0,1,1,0,0,1,3,0,3,0,0,0,0,4,0,0,7,0,2,8,0,0,0,0,0,0,0,0,0,3,0,0,2,0,0
Sri Lanka,LKA,Asia,Southern Asia,,.,.,.,Asia,https://www.countryflags.io/lk/flat/64.png,0,0,0,0,1,0,0,0,0,0,0,0,0,0,0,0,0,0,0,0,0,0,0,0,0,0,0,0,0,0,0,0,0,0,0,0,0,0,0,0,0,0,0,0,0,0,0,0,1,0,4,4,8,10,16,7,9,13,4,5,15,5,0,4,0,7,4,5,21,3,5,8,7,10,2,7,4,1,0,8,12,7,16,5,0,6,10,17,33
Spain,ESP,Europe,Southern Europe,,.,.,.,Europe,https://www.countryflags.io/es/flat/64.png,0,0,0,0,0,0,0,0,0,1,0,0,0,0,0,0,0,1,0,0,0,0,0,0,0,0,0,0,0,0,0,0,0,4,7,2,17,13,39,36,45,57,37,141,100,173,400,622,582,0,2955,1159,1407,2144,1806,2162,4053,2447,4964,3394,6368,4749,9630,8271,7933,7516,6875,7846,7967,8195,7947,7134,6969,5478,5029,5267,6278,5002,5051,4754,3804,3268,2442,5103,7304,5891,887,6948,1536
South Sudan,SSD,Africa,Sub-Saharan Africa,Eastern Africa,.,.,.,Africa,https://www.countryflags.io/ss/flat/64.png,0,0,0,0,0,0,0,0,0,0,0,0,0,0,0,0,0,0,0,0,0,0,0,0,0,0,0,0,0,0,0,0,0,0,0,0,0,0,0,0,0,0,0,0,0,0,0,0,0,0,0,0,0,0,0,0,0,0,0,0,0,0,0,0,0,0,0,0,0,0,0,0,0,1,0,1,0,1,1,0,0,0,0,0,0,0,0,0,0
South Africa,ZAF,Africa,Sub-Saharan Africa,Southern Africa,.,.,.,Africa,https://www.countryflags.io/za/flat/64.png,0,0,0,0,0,0,0,0,0,0,0,0,0,0,0,0,0,0,0,0,0,0,0,0,0,0,0,0,0,0,0,0,0,0,0,0,0,0,0,0,0,0,1,0,0,2,0,4,6,4,7,14,13,11,0,54,34,52,38,34,128,152,155,218,243,17,93,46,27,27,82,43,80,70,31,63,96,89,69,25,145,99,143,91,99,178,251,124,142
Somalia,SOM,Africa,Sub-Saharan Africa,Eastern Africa,.,.,.,Africa,https://www.countryflags.io/so/flat/64.png,0,0,0,0,0,0,0,0,0,0,0,0,0,0,0,0,0,0,0,0,0,0,0,0,0,0,0,0,0,0,0,0,0,0,0,0,0,0,0,0,0,0,0,0,0,0,0,0,0,0,0,0,0,1,0,0,0,0,0,0,0,0,0,1,1,0,0,0,2,0,0,2,0,0,0,1,4,0,9,0,4,35,0,20,0,36,19,29,73
Slovenia,SVN,Europe,Southern Europe,,.,.,.,Europe,https://www.countryflags.io/si/flat/64.png,0,0,0,0,0,0,0,0,0,0,0,0,0,0,0,0,0,0,0,0,0,0,0,0,0,0,0,0,0,0,0,0,0,0,0,0,0,0,0,0,0,0,2,5,0,9,0,15,26,32,52,40,38,34,22,0,11,55,42,31,28,38,48,34,70,52,46,26,46,39,56,37,43,20,24,38,32,33,36,28,17,7,8,28,20,36,13,13,5
Slovakia,SVK,Europe,Eastern Europe,,.,.,.,Europe,https://www.countryflags.io/sk/flat/64.png,0,0,0,0,0,0,0,0,0,0,0,0,0,0,0,0,0,0,0,0,0,0,0,0,0,0,0,0,0,0,0,0,0,0,0,0,0,0,0,0,0,0,0,1,0,2,0,4,3,6,16,12,10,9,9,33,18,14,41,7,1,18,12,10,43,23,22,22,27,37,26,24,21,14,49,47,101,19,14,13,14,27,66,28,114,72,40,72,12
Sint Maarten,SXM,Americas,Latin America and the Caribbean,Caribbean,1,.,.,Americas,https://www.countryflags.io/sx/flat/64.png,0,0,0,0,0,0,0,0,0,0,0,0,0,0,0,0,0,0,0,0,0,0,0,0,0,0,0,0,0,0,0,0,0,0,0,0,0,0,0,0,0,0,0,0,0,0,0,0,0,0,0,0,0,0,0,0,0,1,0,0,1,0,1,0,0,0,3,0,0,10,2,5,0,2,12,3,0,3,7,0,0,0,2,1,4,0,7,3,0
Singapore,SGP,Asia,South-eastern Asia,,.,.,.,Asia,https://www.countryflags.io/sg/flat/64.png,1,2,0,1,1,2,0,3,3,3,2,0,6,4,0,2,3,7,5,2,3,8,9,5,3,2,4,3,0,1,0,4,0,2,2,0,0,9,4,2,2,0,7,13,8,12,0,10,18,0,22,12,14,17,23,47,32,40,47,23,54,49,73,52,49,70,42,35,47,74,49,65,75,120,66,106,142,287,198,191,233,386,334,447,728,623,942,596,1426
Sierra Leone,SLE,Africa,Sub-Saharan Africa,Western Africa,.,.,.,Africa,https://www.countryflags.io/sl/flat/64.png,0,0,0,0,0,0,0,0,0,0,0,0,0,0,0,0,0,0,0,0,0,0,0,0,0,0,0,0,0,0,0,0,0,0,0,0,0,0,0,0,0,0,0,0,0,0,0,0,0,0,0,0,0,0,0,0,0,0,0,0,0,0,0,0,0,0,0,0,1,1,0,0,2,2,0,0,1,0,1,0,2,0,1,2,2,11,4,5,8
Seychelles,SYC,Africa,Sub-Saharan Africa,Eastern Africa,.,.,.,Africa,https://www.countryflags.io/sc/flat/64.png,0,0,0,0,0,0,0,0,0,0,0,0,0,0,0,0,0,0,0,0,0,0,0,0,0,0,0,0,0,0,0,0,0,0,0,0,0,0,0,0,0,0,0,0,0,0,0,0,0,0,0,2,0,1,1,0,2,1,0,0,0,0,0,0,0,1,0,0,2,0,0,0,0,0,1,0,0,0,0,0,0,0,0,0,0,0,0,0,0
Serbia,SRB,Europe,Southern Europe,,.,.,.,Europe,https://www.countryflags.io/rs/flat/64.png,0,0,0,0,0,0,0,0,0,0,0,0,0,0,0,0,0,0,0,0,0,0,0,0,0,0,0,0,0,0,0,0,0,0,0,0,0,0,0,0,0,0,0,1,0,0,0,4,7,7,16,11,2,7,10,18,20,32,36,51,27,54,81,0,73,202,82,44,115,160,111,305,148,284,292,247,219,201,238,275,250,424,411,408,445,372,304,324,312
Senegal,SEN,Africa,Sub-Saharan Africa,Western Africa,.,.,.,Africa,https://www.countryflags.io/sn/flat/64.png,0,0,0,0,0,0,0,0,0,0,0,0,0,0,0,0,0,0,0,0,0,0,0,0,0,0,0,0,0,0,0,0,0,0,0,0,0,0,0,1,1,2,0,0,0,0,0,0,0,0,6,0,14,0,2,5,0,7,9,20,12,7,13,6,14,11,12,20,13,15,5,12,12,3,4,11,7,6,15,13,2,11,8,15,21,7,8,17,10
Saudi Arabia,SAU,Asia,Western Asia,,.,.,.,Asia,https://www.countryflags.io/sa/flat/64.png,0,0,0,0,0,0,0,0,0,0,0,0,0,0,0,0,0,0,0,0,0,0,0,0,0,0,0,0,0,0,0,0,0,0,0,0,0,0,0,1,0,0,4,0,0,6,4,5,1,24,41,17,0,15,53,0,103,70,48,119,51,205,133,112,92,99,96,154,110,157,165,154,140,223,203,190,137,355,364,382,429,472,435,493,518,762,1132,1088,1122
Sao Tome and Principe,STP,Africa,Sub-Saharan Africa,Middle Africa,.,.,.,Africa,https://www.countryflags.io/st/flat/64.png,0,0,0,0,0,0,0,0,0,0,0,0,0,0,0,0,0,0,0,0,0,0,0,0,0,0,0,0,0,0,0,0,0,0,0,0,0,0,0,0,0,0,0,0,0,0,0,0,0,0,0,0,0,0,0,0,0,0,0,0,0,0,0,0,0,0,0,0,0,0,0,0,0,0,4,0,0,0,0,0,0,0,0,0,0,0,0,0,0
San Marino,SMR,Europe,Southern Europe,,.,.,.,Europe,https://www.countryflags.io/sm/flat/64.png,0,0,0,0,0,0,0,0,0,0,0,0,0,0,0,0,0,0,0,0,0,0,0,0,0,0,0,0,0,0,0,0,0,0,0,1,0,0,0,7,2,6,5,0,2,13,0,15,11,7,11,0,21,8,0,10,0,25,0,31,12,0,21,0,15,1,0,6,6,0,9,0,14,7,0,13,0,54,11,12,0,0,15,1,54,9,20,6,1
Saint Vincent and the Grenadines,VCT,Americas,Latin America and the Caribbean,Caribbean,1,.,.,Americas,https://www.countryflags.io/vc/flat/64.png,0,0,0,0,0,0,0,0,0,0,0,0,0,0,0,0,0,0,0,0,0,0,0,0,0,0,0,0,0,0,0,0,0,0,0,0,0,0,0,0,0,0,0,0,0,0,0,0,0,0,0,1,0,0,0,0,0,0,0,0,0,0,0,0,0,0,0,0,0,0,1,1,4,0,0,1,0,4,0,0,0,0,0,0,0,0,0,0,0
Saint Pierre and Miquelon,SPM,Americas,Northern America,,.,.,.,,,0,0,0,0,0,0,0,0,0,0,0,0,0,0,0,0,0,0,0,0,0,0,0,0,0,0,0,0,0,0,0,0,0,0,0,0,0,0,0,0,0,0,0,0,0,0,0,0,0,0,0,0,0,0,0,0,0,0,0,0,0,0,0,0,0,0,0,0,0,0,0,0,0,1,0,0,0,0,0,0,0,0,0,0,0,0,0,0,0
Saint Lucia,LCA,Americas,Latin America and the Caribbean,Caribbean,1,.,.,,,0,0,0,0,0,0,0,0,0,0,0,0,0,0,0,0,0,0,0,0,0,0,0,0,0,0,0,0,0,0,0,0,0,0,0,0,0,0,0,0,0,0,0,0,0,0,0,0,0,0,0,1,1,0,0,0,0,0,0,0,1,0,0,0,0,0,6,0,4,0,0,0,1,0,0,0,0,0,1,0,0,0,0,0,0,0,0,0,0
Saint Kitts and Nevis,KNA,Americas,Latin America and the Caribbean,Caribbean,1,.,.,,,0,0,0,0,0,0,0,0,0,0,0,0,0,0,0,0,0,0,0,0,0,0,0,0,0,0,0,0,0,0,0,0,0,0,0,0,0,0,0,0,0,0,0,0,0,0,0,0,0,0,0,0,0,0,0,0,0,0,0,0,0,0,2,0,0,0,0,5,1,0,1,0,0,1,0,1,0,0,1,0,0,0,2,0,0,0,0,0,1
Saint Barthelemy,BLM,Americas,Latin America and the Caribbean,Caribbean,1,.,.,,,0,0,0,0,0,0,0,0,0,0,0,0,0,0,0,0,0,0,0,0,0,0,0,0,0,0,0,0,0,0,0,0,0,0,0,0,0,0,0,0,0,3,0,0,0,0,-2,0,0,0,0,0,0,2,0,0,0,0,0,0,0,0,0,0,2,0,0,1,0,0,0,0,0,0,0,0,0,0,0,0,0,0,0,0,0,0,0,0,0
Rwanda,RWA,Africa,Sub-Saharan Africa,Eastern Africa,.,.,.,Africa,https://www.countryflags.io/rw/flat/64.png,0,0,0,0,0,0,0,0,0,0,0,0,0,0,0,0,0,0,0,0,0,0,0,0,0,0,0,0,0,0,0,0,0,0,0,0,0,0,0,0,0,0,0,0,0,0,0,0,0,0,0,1,0,4,2,1,0,9,0,2,17,4,1,9,4,6,10,0,5,7,2,5,13,2,1,0,5,0,8,2,6,1,7,2,2,5,1,3,0
Russia,RUS,Europe,Eastern Europe,,.,.,.,Europe,https://www.countryflags.io/ru/flat/64.png,0,0,0,0,0,0,0,0,2,0,0,0,0,0,0,0,0,0,0,0,0,0,0,0,0,0,0,0,0,0,0,0,0,0,0,0,0,0,0,1,0,0,1,9,0,4,0,3,0,8,17,14,4,27,24,33,52,54,53,61,71,57,163,182,196,228,270,302,501,440,771,601,582,658,954,1154,1175,1459,1786,1667,2186,2558,2774,3388,3448,4070,4785,6060,4268
Romania,ROU,Europe,Eastern Europe,,.,.,.,Europe,https://www.countryflags.io/ro/flat/64.png,0,0,0,0,0,0,0,0,0,0,0,0,0,0,0,0,0,0,0,0,0,0,0,0,0,0,0,0,0,0,0,0,0,0,1,0,2,0,0,0,0,1,2,3,0,6,0,10,20,4,40,34,8,27,26,76,17,31,59,66,143,218,112,123,263,160,363,294,136,215,278,445,430,251,193,360,344,441,265,523,310,333,246,337,491,360,351,328,190
Reunion,REU,Africa,Sub-Saharan Africa,Eastern Africa,.,.,.,,,0,0,0,0,0,0,0,0,0,0,0,0,0,0,0,0,0,0,0,0,0,0,0,0,0,0,0,0,0,0,0,0,0,0,0,0,0,0,0,0,0,0,0,0,0,0,0,0,1,0,4,1,1,2,0,3,2,14,17,19,7,23,17,24,10,38,0,41,23,34,27,13,13,10,5,9,0,4,20,6,1,2,0,0,3,8,5,1,0
Qatar,QAT,Asia,Western Asia,,.,.,.,Asia,https://www.countryflags.io/qa/flat/64.png,0,0,0,0,0,0,0,0,0,0,0,0,0,0,0,0,0,0,0,0,0,0,0,0,0,0,0,0,0,0,0,0,0,0,0,0,0,1,2,0,4,1,0,0,0,7,3,6,238,0,58,17,64,38,0,13,8,10,11,13,7,25,11,12,13,28,44,59,88,54,114,126,250,279,228,225,153,166,136,216,251,252,197,283,392,560,345,440,567
Portugal,PRT,Europe,Southern Europe,,.,.,.,Europe,https://www.countryflags.io/pt/flat/64.png,0,0,0,0,0,0,0,0,0,0,0,0,0,0,0,0,0,0,0,0,0,0,0,0,0,0,0,0,0,0,0,0,0,0,0,0,0,0,0,2,0,3,3,5,7,10,0,11,18,0,53,57,76,86,117,0,337,235,260,320,460,302,633,549,724,902,792,446,1035,808,783,852,638,754,452,712,699,815,1516,515,598,349,514,643,750,181,663,521,657
Poland,POL,Europe,Eastern Europe,,.,.,.,Europe,https://www.countryflags.io/pl/flat/64.png,0,0,0,0,0,0,0,0,0,0,0,0,0,0,0,0,0,0,0,0,0,0,0,0,0,0,0,0,0,0,0,0,0,0,0,0,0,0,0,0,0,1,0,4,0,6,5,6,9,18,19,35,16,58,61,13,104,70,111,98,115,152,150,170,168,249,224,193,256,243,392,437,244,475,311,435,357,370,380,401,318,260,268,380,336,461,363,545,306
Philippines,PHL,Asia,South-eastern Asia,,.,.,.,Asia,https://www.countryflags.io/ph/flat/64.png,0,0,0,0,0,0,0,1,0,0,1,0,0,0,0,1,0,0,0,0,0,0,0,0,0,0,0,0,0,0,0,0,0,0,0,0,0,0,0,0,0,0,0,2,1,4,10,13,16,3,12,47,29,2,45,15,15,13,77,73,82,90,84,71,96,272,343,128,538,227,322,385,76,152,414,104,106,206,119,233,220,284,291,230,207,218,209,172,200
Peru,PER,Americas,Latin America and the Caribbean,South America,1,1,1,Americas,https://www.countryflags.io/pe/flat/64.png,0,0,0,0,0,0,0,0,0,0,0,0,0,0,0,0,0,0,0,0,0,0,0,0,0,0,0,0,0,0,0,0,0,0,0,0,0,0,0,0,0,0,0,1,0,5,1,4,0,4,13,10,5,43,31,28,89,0,84,45,32,21,64,100,55,36,181,98,115,258,91,181,151,535,280,393,1388,914,641,951,671,2265,519,1172,1016,998,931,1208,697
Paraguay,PRY,Americas,Latin America and the Caribbean,South America,1,1,1,Americas,https://www.countryflags.io/py/flat/64.png,0,0,0,0,0,0,0,0,0,0,0,0,0,0,0,0,0,0,0,0,0,0,0,0,0,0,0,0,0,0,0,0,0,0,0,0,0,0,0,0,0,0,0,0,0,1,0,0,4,0,1,0,0,2,1,2,0,2,5,4,0,5,10,4,11,4,3,5,1,4,8,15,4,8,9,2,4,5,5,4,1,13,12,2,13,25,3,4,2
Papua New Guinea,PNG,Oceania,Melanesia,,.,.,.,Oceania,https://www.countryflags.io/pg/flat/64.png,0,0,0,0,0,0,0,0,0,0,0,0,0,0,0,0,0,0,0,0,0,0,0,0,0,0,0,0,0,0,0,0,0,0,0,0,0,0,0,0,0,0,0,0,0,0,0,0,0,0,0,0,0,0,0,0,0,1,0,0,0,0,0,0,0,0,0,0,0,0,0,0,0,0,1,0,0,0,0,0,0,0,0,0,5,0,0,0,0
Panama,PAN,Americas,Latin America and the Caribbean,Central America,1,2,1,Americas,https://www.countryflags.io/pa/flat/64.png,0,0,0,0,0,0,0,0,0,0,0,0,0,0,0,0,0,0,0,0,0,0,0,0,0,0,0,0,0,0,0,0,0,0,0,0,0,0,0,0,0,0,0,0,0,0,0,1,7,3,16,9,7,12,14,17,23,28,63,113,32,0,98,115,116,112,115,88,192,0,136,158,198,128,187,112,149,279,224,222,260,166,72,102,177,265,194,63,194
Pakistan,PAK,Asia,Southern Asia,,.,.,.,Asia,https://www.countryflags.io/pk/flat/64.png,0,0,0,0,0,0,0,0,0,0,0,0,0,0,0,0,0,0,0,0,0,0,0,0,0,0,0,0,0,0,0,0,0,0,2,0,0,2,0,0,1,0,0,1,0,0,0,10,3,1,8,3,22,83,100,63,155,47,229,46,99,97,91,138,172,122,102,120,221,180,303,265,132,339,609,269,228,226,206,316,219,266,341,546,536,106,613,710,70
Oman,OMN,Asia,Western Asia,,.,.,.,Asia,https://www.countryflags.io/om/flat/64.png,0,0,0,0,0,0,0,0,0,0,0,0,0,0,0,0,0,0,0,0,0,0,0,0,0,0,0,0,0,0,0,0,2,0,2,0,0,2,0,0,6,3,1,0,0,0,0,2,0,0,1,0,3,0,2,15,9,0,4,3,11,18,15,10,22,21,15,12,13,18,21,21,25,21,33,40,48,38,27,62,53,128,86,97,109,50,111,86,144
Norway,NOR,Europe,Northern Europe,,.,.,.,Europe,https://www.countryflags.io/no/flat/64.png,0,0,0,0,0,0,0,0,0,0,0,0,0,0,0,0,0,0,0,0,0,0,0,0,0,0,0,0,0,0,0,0,0,0,1,0,5,9,4,6,7,24,31,21,39,29,29,195,198,104,294,94,131,112,130,87,196,168,204,267,236,242,221,285,386,260,269,161,196,222,284,223,180,137,178,221,0,125,103,95,116,78,20,117,156,41,99,42,78
North Macedonia,MKD,Europe,Southern Europe,,.,.,.,,,0,0,0,0,0,0,0,0,0,0,0,0,0,0,0,0,0,0,0,0,0,0,0,0,0,0,0,0,0,0,0,0,0,0,1,0,0,0,0,0,0,0,0,2,0,0,0,4,0,0,7,0,0,4,8,9,13,19,18,30,21,12,29,24,18,22,18,26,44,25,30,46,53,72,15,29,18,46,48,49,68,26,54,66,107,36,53,37,18
Nigeria,NGA,Africa,Sub-Saharan Africa,Western Africa,.,.,.,Africa,https://www.countryflags.io/ng/flat/64.png,0,0,0,0,0,0,0,0,0,0,0,0,0,0,0,0,0,0,0,0,0,0,0,0,0,0,0,0,0,0,0,0,0,0,0,0,1,0,0,0,0,0,0,0,0,0,1,0,0,0,0,0,0,0,1,5,0,4,10,8,10,4,7,14,5,19,22,20,4,39,10,26,4,18,6,16,22,12,17,13,5,20,30,34,35,51,49,85,38
Niger,NER,Africa,Sub-Saharan Africa,Western Africa,.,.,.,Africa,https://www.countryflags.io/ne/flat/64.png,0,0,0,0,0,0,0,0,0,0,0,0,0,0,0,0,0,0,0,0,0,0,0,0,0,0,0,0,0,0,0,0,0,0,0,0,0,0,0,0,0,0,0,0,0,0,0,0,0,0,0,0,0,0,0,0,0,1,0,1,1,0,4,3,0,0,8,9,0,47,24,22,24,40,69,25,64,68,28,53,38,0,41,14,0,43,12,9,0
Nicaragua,NIC,Americas,Latin America and the Caribbean,Central America,1,2,1,Americas,https://www.countryflags.io/ni/flat/64.png,0,0,0,0,0,0,0,0,0,0,0,0,0,0,0,0,0,0,0,0,0,0,0,0,0,0,0,0,0,0,0,0,0,0,0,0,0,0,0,0,0,0,0,0,0,0,0,0,0,0,0,0,0,0,0,0,1,0,1,0,0,0,0,0,0,2,0,0,1,0,0,0,0,1,0,0,0,1,0,1,1,0,0,0,0,0,0,1,0
New Zealand,NZL,Oceania,Australia and New Zealand,,.,.,.,Oceania,https://www.countryflags.io/nz/flat/64.png,0,0,0,0,0,0,0,0,0,0,0,0,0,0,0,0,0,0,0,0,0,0,0,0,0,0,0,0,0,0,0,0,0,0,0,0,1,0,0,0,0,2,0,1,1,0,0,0,0,0,0,1,2,0,4,8,8,11,13,50,0,53,50,78,85,83,63,75,58,61,89,71,82,89,67,54,50,29,44,29,18,19,17,20,15,8,13,9,9
New Caledonia,NCL,Oceania,Melanesia,,.,.,.,Oceania,https://www.countryflags.io/nc/flat/64.png,0,0,0,0,0,0,0,0,0,0,0,0,0,0,0,0,0,0,0,0,0,0,0,0,0,0,0,0,0,0,0,0,0,0,0,0,0,0,0,0,0,0,0,0,0,0,0,0,0,0,0,0,0,0,0,0,2,0,2,0,4,2,4,0,1,0,0,0,1,0,2,0,-1,1,0,0,0,0,0,0,0,0,0,0,0,0,0,0,0
Netherlands,NLD,Europe,Western Europe,,.,.,.,Europe,https://www.countryflags.io/nl/flat/64.png,0,0,0,0,0,0,0,0,0,0,0,0,0,0,0,0,0,0,0,0,0,0,0,0,0,0,0,0,0,0,0,0,0,0,0,1,0,5,4,8,6,14,44,46,60,77,56,61,121,0,301,155,176,278,292,346,409,534,637,573,545,811,852,1019,1172,1159,1104,884,845,1019,1083,1026,904,1224,952,777,969,1213,1335,1316,1174,964,868,734,1061,1235,1140,1066,750
Nepal,NPL,Asia,Southern Asia,,.,.,.,Asia,https://www.countryflags.io/np/flat/64.png,0,0,1,0,0,0,0,0,0,0,0,0,0,0,0,0,0,0,0,0,0,0,0,0,0,0,0,0,0,0,0,0,0,0,0,0,0,0,0,0,0,0,0,0,0,0,0,0,0,0,0,0,0,0,0,0,0,0,0,0,1,0,1,0,1,1,0,0,0,0,1,0,3,0,0,0,0,0,0,0,3,2,2,0,0,14,1,0,0
Namibia,NAM,Africa,Sub-Saharan Africa,Southern Africa,.,.,.,Africa,https://www.countryflags.io/na/flat/64.png,0,0,0,0,0,0,0,0,0,0,0,0,0,0,0,0,0,0,0,0,0,0,0,0,0,0,0,0,0,0,0,0,0,0,0,0,0,0,0,0,0,0,0,0,0,0,0,0,0,0,0,2,0,0,0,0,1,0,0,0,1,3,0,1,0,0,3,0,0,3,0,0,0,2,0,0,0,0,0,0,0,0,0,0,0,0,0,0,0
Myanmar,MMR,Asia,South-eastern Asia,,.,.,.,Asia,https://www.countryflags.io/mm/flat/64.png,0,0,0,0,0,0,0,0,0,0,0,0,0,0,0,0,0,0,0,0,0,0,0,0,0,0,0,0,0,0,0,0,0,0,0,0,0,0,0,0,0,0,0,0,0,0,0,0,0,0,0,0,0,0,0,0,0,0,0,0,0,0,0,0,8,0,2,4,1,0,5,0,1,0,1,0,0,1,4,11,3,21,1,11,11,3,10,13,8
Mozambique,MOZ,Africa,Sub-Saharan Africa,Eastern Africa,.,.,.,Africa,https://www.countryflags.io/mz/flat/64.png,0,0,0,0,0,0,0,0,0,0,0,0,0,0,0,0,0,0,0,0,0,0,0,0,0,0,0,0,0,0,0,0,0,0,0,0,0,0,0,0,0,0,0,0,0,0,0,0,0,0,0,0,0,0,0,0,0,0,0,1,0,2,2,2,0,1,0,0,0,2,0,0,0,0,0,0,7,0,3,0,1,0,7,1,2,3,1,4,0
Morocco,MAR,Africa,Northern Africa,,.,.,.,Africa,https://www.countryflags.io/ma/flat/64.png,0,0,0,0,0,0,0,0,0,0,0,0,0,0,0,0,0,0,0,0,0,0,0,0,0,0,0,0,0,0,0,0,0,0,0,0,0,0,0,1,0,0,1,0,0,0,0,1,2,1,1,10,11,1,9,11,14,14,19,19,28,27,55,50,70,57,77,77,61,37,54,83,128,102,99,64,91,99,74,97,116,102,125,136,259,281,121,170,191
Montserrat,MSR,Americas,Latin America and the Caribbean,Caribbean,1,.,.,,,0,0,0,0,0,0,0,0,0,0,0,0,0,0,0,0,0,0,0,0,0,0,0,0,0,0,0,0,0,0,0,0,0,0,0,0,0,0,0,0,0,0,0,0,0,0,0,0,0,0,0,0,0,0,0,1,0,0,0,0,0,0,0,4,0,0,0,0,0,0,0,1,0,0,0,3,0,0,0,0,0,2,0,0,0,0,0,0,0
Montenegro,MNE,Europe,Southern Europe,,.,.,.,Europe,https://www.countryflags.io/me/flat/64.png,0,0,0,0,0,0,0,0,0,0,0,0,0,0,0,0,0,0,0,0,0,0,0,0,0,0,0,0,0,0,0,0,0,0,0,0,0,0,0,0,0,0,0,0,0,0,0,0,0,0,0,0,0,0,2,0,1,11,0,7,6,20,5,17,13,2,1,6,18,14,21,30,27,13,19,8,7,4,3,8,9,2,9,5,15,0,4,1,4
Mongolia,MNG,Asia,Eastern Asia,,.,.,.,Asia,https://www.countryflags.io/mn/flat/64.png,0,0,0,0,0,0,0,0,0,0,0,0,0,0,0,0,0,0,0,0,0,0,0,0,0,0,0,0,0,0,0,0,0,0,0,0,0,0,0,0,0,0,0,0,0,0,0,1,0,0,0,0,0,0,4,1,0,0,4,0,0,0,0,1,0,1,0,0,0,2,0,0,0,0,1,0,1,0,0,0,0,1,13,0,1,0,0,1,1
Monaco,MCO,Europe,Western Europe,,.,.,.,Europe,https://www.countryflags.io/mc/flat/64.png,0,0,0,0,0,0,0,0,0,0,0,0,0,0,0,0,0,0,0,0,0,0,0,0,0,0,0,0,0,0,0,0,0,0,0,0,0,1,0,0,0,0,0,0,0,0,0,0,0,1,0,0,0,5,0,0,0,4,0,12,0,0,8,2,9,0,4,3,3,3,5,4,2,7,4,2,2,3,6,2,1,0,0,0,0,1,0,0,0
Moldova,MDA,Europe,Eastern Europe,,.,.,.,Europe,https://www.countryflags.io/md/flat/64.png,0,0,0,0,0,0,0,0,0,0,0,0,0,0,0,0,0,0,0,0,0,0,0,0,0,0,0,0,0,0,0,0,0,0,0,0,0,0,0,0,0,0,0,0,0,1,0,2,0,0,3,6,11,0,7,0,19,17,14,14,15,16,24,28,22,32,32,35,55,70,82,86,161,112,101,91,118,115,149,122,102,50,222,115,105,110,114,94,76
Mexico,MEX,Americas,Latin America and the Caribbean,Central America,1,2,1,Americas,https://www.countryflags.io/mx/flat/64.png,0,0,0,0,0,0,0,0,0,0,0,0,0,0,0,0,0,0,0,0,0,0,0,0,0,0,0,0,0,0,0,0,0,0,0,0,1,3,1,0,0,0,0,1,0,1,0,0,1,4,0,14,15,12,29,11,25,46,39,48,65,51,38,70,110,132,131,145,101,121,163,132,178,202,253,296,346,396,260,403,375,442,353,385,448,450,578,622,764
Mayotte,MYT,Africa,Sub-Saharan Africa,Eastern Africa,.,.,.,,,0,0,0,0,0,0,0,0,0,0,0,0,0,0,0,0,0,0,0,0,0,0,0,0,0,0,0,0,0,0,0,0,0,0,0,0,0,0,0,0,0,0,0,0,0,0,0,0,0,0,0,0,1,0,0,2,0,3,1,4,13,12,0,0,14,13,0,19,12,0,22,12,6,13,0,24,0,13,7,5,0,11,10,0,16,12,9,17,0
Mauritius,MUS,Africa,Sub-Saharan Africa,Eastern Africa,.,.,.,Africa,https://www.countryflags.io/mu/flat/64.png,0,0,0,0,0,0,0,0,0,0,0,0,0,0,0,0,0,0,0,0,0,0,0,0,0,0,0,0,0,0,0,0,0,0,0,0,0,0,0,0,0,0,0,0,0,0,0,0,0,0,0,0,0,0,0,3,0,9,2,14,8,6,6,33,13,8,5,21,15,18,8,17,10,31,17,24,5,41,4,1,5,0,0,0,0,0,1,3,0
Mauritania,MRT,Africa,Sub-Saharan Africa,Western Africa,.,.,.,Africa,https://www.countryflags.io/mr/flat/64.png,0,0,0,0,0,0,0,0,0,0,0,0,0,0,0,0,0,0,0,0,0,0,0,0,0,0,0,0,0,0,0,0,0,0,0,0,0,0,0,0,0,0,0,0,0,0,0,0,0,0,0,1,0,0,0,0,1,0,0,0,0,0,0,1,0,2,0,0,1,0,0,0,0,0,0,0,0,1,0,0,0,0,0,0,0,0,0,0,0
Martinique,MTQ,Americas,Latin America and the Caribbean,Caribbean,1,.,.,,,0,0,0,0,0,0,0,0,0,0,0,0,0,0,0,0,0,0,0,0,0,0,0,0,0,0,0,0,0,0,0,0,0,0,0,0,0,0,0,0,0,0,0,0,2,0,0,0,1,0,0,6,0,6,1,3,4,9,0,12,9,4,9,0,15,12,0,0,35,7,3,5,2,4,2,1,2,0,1,0,0,2,0,1,0,0,0,5,0
Malta,MLT,Europe,Southern Europe,,.,.,.,Europe,https://www.countryflags.io/mt/flat/64.png,0,0,0,0,0,0,0,0,0,0,0,0,0,0,0,0,0,0,0,0,0,0,0,0,0,0,0,0,0,0,0,0,0,0,0,0,0,0,0,0,0,0,0,0,3,0,0,2,1,0,6,6,3,9,8,0,15,11,9,17,17,3,19,5,5,10,2,5,13,19,8,6,11,14,14,52,6,38,13,20,8,6,9,6,13,10,4,1,4
Mali,MLI,Africa,Sub-Saharan Africa,Western Africa,.,.,.,Africa,https://www.countryflags.io/ml/flat/64.png,0,0,0,0,0,0,0,0,0,0,0,0,0,0,0,0,0,0,0,0,0,0,0,0,0,0,0,0,0,0,0,0,0,0,0,0,0,0,0,0,0,0,0,0,0,0,0,0,0,0,0,0,0,0,0,0,0,0,0,0,0,0,2,2,7,7,0,7,3,3,5,3,2,4,2,9,3,15,13,0,18,18,21,4,23,0,45,8,22
Maldives,MDV,Asia,Southern Asia,,.,.,.,Asia,https://www.countryflags.io/mv/flat/64.png,0,0,0,0,0,0,0,0,0,0,0,0,0,0,0,0,0,0,0,0,0,0,0,0,0,0,0,0,0,0,0,0,0,0,0,0,0,0,0,0,0,0,0,0,0,4,0,2,2,0,1,1,3,0,0,0,0,0,0,0,0,0,0,0,3,0,1,0,1,1,0,0,0,0,0,0,0,0,0,0,1,0,0,2,3,3,7,17,17
Malaysia,MYS,Asia,South-eastern Asia,,.,.,.,Asia,https://www.countryflags.io/my/flat/64.png,0,0,3,1,0,0,3,1,0,0,0,0,2,2,0,0,4,0,2,0,0,1,0,3,0,0,0,0,0,0,0,0,0,0,0,1,0,2,4,0,7,14,0,33,10,6,18,12,20,0,48,41,190,138,107,117,110,130,153,123,212,106,172,235,130,159,150,156,140,142,208,217,150,179,131,170,156,109,118,184,153,134,170,85,110,69,54,84,36
Malawi,MWI,Africa,Sub-Saharan Africa,Eastern Africa,.,.,.,Africa,https://www.countryflags.io/mw/flat/64.png,0,0,0,0,0,0,0,0,0,0,0,0,0,0,0,0,0,0,0,0,0,0,0,0,0,0,0,0,0,0,0,0,0,0,0,0,0,0,0,0,0,0,0,0,0,0,0,0,0,0,0,0,0,0,0,0,0,0,0,0,0,0,0,0,0,0,0,0,0,0,3,0,1,0,1,3,0,0,1,3,1,3,0,0,0,1,0,0,0
Madagascar,MDG,Africa,Sub-Saharan Africa,Eastern Africa,.,.,.,Africa,https://www.countryflags.io/mg/flat/64.png,0,0,0,0,0,0,0,0,0,0,0,0,0,0,0,0,0,0,0,0,0,0,0,0,0,0,0,0,0,0,0,0,0,0,0,0,0,0,0,0,0,0,0,0,0,0,0,0,0,0,0,0,0,0,0,0,0,3,0,0,9,5,2,4,3,0,13,4,14,0,2,11,0,2,10,6,5,0,0,9,4,0,2,2,1,6,3,1,0
Luxembourg,LUX,Europe,Western Europe,,.,.,.,Europe,https://www.countryflags.io/lu/flat/64.png,0,0,0,0,0,0,0,0,0,0,0,0,0,0,0,0,0,0,0,0,0,0,0,0,0,0,0,0,0,0,0,0,0,0,0,0,0,1,0,0,0,0,0,1,0,1,0,2,2,12,15,17,8,18,63,63,132,149,186,128,77,224,234,120,152,226,119,38,190,141,168,125,117,75,39,127,64,81,108,47,11,11,15,66,71,36,57,13,8
Lithuania,LTU,Europe,Northern Europe,,.,.,.,Europe,https://www.countryflags.io/lt/flat/64.png,0,0,0,0,0,0,0,0,0,0,0,0,0,0,0,0,0,0,0,0,0,0,0,0,0,0,0,0,0,0,0,0,0,0,0,0,1,0,0,0,0,0,0,0,0,0,0,0,2,0,3,2,4,5,8,2,9,13,34,60,36,30,65,25,59,36,66,31,46,44,68,47,75,40,32,37,32,43,44,27,27,9,8,21,37,21,90,59,28
Liechtenstein,LIE,Europe,Western Europe,,.,.,.,Europe,https://www.countryflags.io/li/flat/64.png,0,0,0,0,0,0,0,0,0,0,0,0,0,0,0,0,0,0,0,0,0,0,0,0,0,0,0,0,0,0,0,0,0,0,0,0,0,0,0,0,0,1,0,0,0,0,0,0,0,0,0,3,0,0,3,21,0,0,9,0,14,0,0,5,0,0,0,6,6,0,7,0,2,0,0,1,0,0,1,0,0,0,0,0,0,0,0,2,0
Libya,LBY,Africa,Northern Africa,,.,.,.,Africa,https://www.countryflags.io/ly/flat/64.png,0,0,0,0,0,0,0,0,0,0,0,0,0,0,0,0,0,0,0,0,0,0,0,0,0,0,0,0,0,0,0,0,0,0,0,0,0,0,0,0,0,0,0,0,0,0,0,0,0,0,0,0,0,0,0,0,0,0,0,0,0,1,0,0,0,2,5,0,2,0,1,0,7,0,1,1,1,3,0,0,1,1,9,13,1,0,0,2,0
Liberia,LBR,Africa,Sub-Saharan Africa,Western Africa,.,.,.,Africa,https://www.countryflags.io/lr/flat/64.png,0,0,0,0,0,0,0,0,0,0,0,0,0,0,0,0,0,0,0,0,0,0,0,0,0,0,0,0,0,0,0,0,0,0,0,0,0,0,0,0,0,0,0,0,0,0,0,0,0,0,0,0,0,1,0,1,0,0,1,0,0,0,0,0,0,0,0,0,0,3,0,1,3,3,1,0,17,0,6,11,2,9,0,0,0,17,0,15,8
Lebanon,LBN,Asia,Western Asia,,.,.,.,Asia,https://www.countryflags.io/lb/flat/64.png,0,0,0,0,0,0,0,0,0,0,0,0,0,0,0,0,0,0,0,0,0,0,0,0,0,0,0,0,0,1,0,0,0,0,1,0,0,2,6,3,0,0,3,6,0,10,0,9,20,0,16,16,17,0,10,13,24,6,24,61,19,51,15,35,23,21,26,8,24,9,15,14,12,7,14,7,28,6,27,10,11,2,9,17,5,5,4,1,4
Latvia,LVA,Europe,Northern Europe,,.,.,.,Europe,https://www.countryflags.io/lv/flat/64.png,0,0,0,0,0,0,0,0,0,0,0,0,0,0,0,0,0,0,0,0,0,0,0,0,0,0,0,0,0,0,0,0,0,0,0,0,0,0,0,1,0,0,0,0,0,1,4,2,2,0,7,9,4,4,15,22,15,25,13,15,41,17,24,23,36,25,42,29,22,48,12,35,16,24,9,6,29,12,23,18,21,4,2,9,9,7,30,15,12
Laos,LAO,Asia,South-eastern Asia,,.,.,.,,,0,0,0,0,0,0,0,0,0,0,0,0,0,0,0,0,0,0,0,0,0,0,0,0,0,0,0,0,0,0,0,0,0,0,0,0,0,0,0,0,0,0,0,0,0,0,0,0,0,0,0,0,0,0,0,0,0,0,0,0,0,2,1,3,0,2,0,0,1,1,0,0,0,1,1,2,1,1,0,2,1,0,0,0,0,0,0,0,0
Kyrgyzstan,KGZ,Asia,Central Asia,,.,.,.,Asia,https://www.countryflags.io/kg/flat/64.png,0,0,0,0,0,0,0,0,0,0,0,0,0,0,0,0,0,0,0,0,0,0,0,0,0,0,0,0,0,0,0,0,0,0,0,0,0,0,0,0,0,0,0,0,0,0,0,0,0,0,0,0,0,0,0,3,0,3,8,0,2,26,2,0,14,0,26,10,13,4,5,14,14,3,69,12,42,10,18,41,38,42,11,19,17,23,17,48,14
Kuwait,KWT,Asia,Western Asia,,.,.,.,Asia,https://www.countryflags.io/kw/flat/64.png,0,0,0,0,0,0,0,0,0,0,0,0,0,0,0,0,0,0,0,0,0,0,0,0,0,0,0,0,0,0,0,0,1,10,15,17,2,0,0,11,0,0,2,0,3,3,0,5,3,8,0,24,8,11,7,12,6,11,17,12,1,2,4,13,17,10,20,11,23,28,25,75,62,77,109,78,112,55,83,161,80,66,55,50,119,134,93,164,80
Kosovo,XKX,Europe,,,.,.,.,,,0,0,0,0,0,0,0,0,0,0,0,0,0,0,0,0,0,0,0,0,0,0,0,0,0,0,0,0,0,0,0,0,0,0,0,0,0,0,0,0,0,0,0,0,0,0,0,0,0,0,0,0,0,0,0,0,0,0,0,0,0,0,0,71,15,5,3,0,18,13,0,1,9,10,0,25,14,0,66,33,0,0,104,0,62,31,30,0,0
"Korea, South",KOR,Asia,Eastern Asia,,.,.,.,Asia,https://www.countryflags.io/kr/flat/64.png,0,1,0,1,1,0,0,0,7,1,3,0,1,3,4,1,0,1,2,1,0,0,0,0,1,1,1,0,73,100,229,169,231,144,284,505,571,813,586,599,851,435,467,505,448,273,164,35,242,114,110,107,76,74,84,93,152,87,147,162,0,76,100,104,91,146,105,78,125,101,89,86,94,81,47,47,53,39,27,30,32,25,27,27,22,22,18,8,13
Kenya,KEN,Africa,Sub-Saharan Africa,Eastern Africa,.,.,.,Africa,https://www.countryflags.io/ke/flat/64.png,0,0,0,0,0,0,0,0,0,0,0,0,0,0,0,0,0,0,0,0,0,0,0,0,0,0,0,0,0,0,0,0,0,0,0,0,0,0,0,0,0,0,0,0,0,0,0,0,0,0,1,0,2,0,0,0,4,0,0,8,1,9,3,3,0,7,4,8,9,22,29,12,4,16,16,14,7,5,5,2,6,11,8,9,9,12,16,8,11
Kazakhstan,KAZ,Asia,Central Asia,,.,.,.,Asia,https://www.countryflags.io/kz/flat/64.png,0,0,0,0,0,0,0,0,0,0,0,0,0,0,0,0,0,0,0,0,0,0,0,0,0,0,0,0,0,0,0,0,0,0,0,0,0,0,0,0,0,0,0,0,0,0,0,0,0,0,4,2,3,1,23,2,9,5,4,7,2,10,9,30,39,78,56,18,41,37,55,29,67,53,78,35,30,54,31,53,86,140,141,63,107,144,69,61,176
Jordan,JOR,Asia,Western Asia,,.,.,.,Asia,https://www.countryflags.io/jo/flat/64.png,0,0,0,0,0,0,0,0,0,0,0,0,0,0,0,0,0,0,0,0,0,0,0,0,0,0,0,0,0,0,0,0,0,0,0,0,0,0,0,0,1,0,0,0,0,0,0,0,0,0,0,0,7,9,17,18,17,16,0,27,15,27,18,40,23,11,13,9,6,4,21,11,13,22,4,4,5,14,0,9,8,2,6,4,1,5,6,4,8
Japan,JPN,Asia,Eastern Asia,,.,.,.,Asia,https://www.countryflags.io/jp/flat/64.png,0,0,0,2,0,3,0,4,4,5,0,0,2,0,0,3,0,1,0,0,2,0,1,14,16,7,8,10,10,11,17,25,12,11,19,25,14,13,15,18,19,38,29,60,41,41,9,70,58,0,62,72,66,0,39,11,35,39,44,94,27,65,114,80,81,225,173,0,87,225,317,122,522,0,515,252,351,410,863,475,743,622,275,455,526,1161,509,501,0
Jamaica,JAM,Americas,Latin America and the Caribbean,Caribbean,1,3,1,Americas,https://www.countryflags.io/jm/flat/64.png,0,0,0,0,0,0,0,0,0,0,0,0,0,0,0,0,0,0,0,0,0,0,0,0,0,0,0,0,0,0,0,0,0,0,0,0,0,0,0,0,0,0,0,0,0,0,0,0,1,1,6,0,2,0,2,1,2,1,0,3,0,2,5,0,0,4,2,4,0,8,3,0,6,5,0,5,0,0,0,2,4,4,0,52,18,0,20,10,50
Italy,ITA,Europe,Southern Europe,,.,.,.,Europe,https://www.countryflags.io/it/flat/64.png,0,0,0,0,0,0,0,0,2,0,0,0,0,0,0,1,0,0,0,0,0,0,0,0,0,0,0,0,0,17,42,93,74,93,131,202,233,240,566,342,466,587,769,778,1247,1492,1797,977,2313,0,5198,3497,3590,3233,3526,4207,5322,5986,6557,5560,4789,5249,5210,6203,5909,5974,5217,4050,4053,4782,4668,4585,4805,4316,3599,3039,3836,4204,3951,4694,4092,3153,2972,2667,3786,3493,3491,3047,2256
Israel,ISR,Asia,Western Asia,,.,.,.,Asia,https://www.countryflags.io/il/flat/64.png,0,0,0,0,0,0,0,0,0,0,0,0,0,0,0,0,0,0,0,0,0,0,0,0,0,0,0,0,0,1,0,0,0,0,1,1,1,3,3,0,2,3,5,17,6,18,0,14,4,21,26,29,58,5,32,54,123,102,183,171,188,167,1131,324,342,584,628,448,663,734,765,571,423,579,474,344,156,564,440,335,402,441,460,455,257,224,283,226,222
Isle of Man,IMN,Europe,Northern Europe,,.,.,.,Europe,https://www.countryflags.io/im/flat/64.png,0,0,0,0,0,0,0,0,0,0,0,0,0,0,0,0,0,0,0,0,0,0,0,0,0,0,0,0,0,0,0,0,0,0,0,0,0,0,0,0,0,0,0,0,0,0,0,0,0,0,0,0,0,0,0,0,0,1,0,4,8,10,0,2,4,3,10,7,11,8,27,19,12,1,12,11,8,32,11,25,2,14,12,2,28,7,6,1,2
Ireland,IRL,Europe,Northern Europe,,.,.,.,Europe,https://www.countryflags.io/ie/flat/64.png,0,0,0,0,0,0,0,0,0,0,0,0,0,0,0,0,0,0,0,0,0,0,0,0,0,0,0,0,0,0,0,0,0,0,0,0,0,1,0,0,1,4,0,12,0,1,2,13,9,0,47,39,0,40,54,69,265,126,102,121,219,204,235,255,302,294,200,295,325,212,402,424,331,390,370,345,365,500,1515,839,727,992,832,1068,724,709,778,493,401
Iraq,IRQ,Asia,Western Asia,,.,.,.,Asia,https://www.countryflags.io/iq/flat/64.png,0,0,0,0,0,0,0,0,0,0,0,0,0,0,0,0,0,0,0,0,0,0,0,0,0,0,0,0,0,0,0,0,1,0,4,2,0,6,6,7,6,3,0,5,14,6,0,11,0,0,30,9,6,8,30,10,28,16,6,19,33,50,30,36,76,48,41,83,64,34,44,48,58,83,70,91,80,30,47,39,34,26,22,15,19,48,31,26,35
Iran,IRN,Asia,Southern Asia,,.,.,.,Asia,https://www.countryflags.io/ir/flat/64.png,0,0,0,0,0,0,0,0,0,0,0,0,0,0,0,0,0,0,0,0,0,0,0,0,0,0,0,2,3,13,10,15,18,34,44,106,143,205,385,523,835,586,591,1234,1076,743,595,881,958,1075,1289,1365,1209,1053,1178,1192,1046,1237,966,1028,1411,1762,2206,2389,2926,3076,2901,3186,3110,2988,2875,2715,2560,2483,2274,2089,1997,1634,1972,1837,1657,1617,1574,1512,1606,1499,1374,1343,1294
Indonesia,IDN,Asia,South-eastern Asia,,.,.,.,Asia,https://www.countryflags.io/id/flat/64.png,0,0,0,0,0,0,0,0,0,0,0,0,0,0,0,0,0,0,0,0,0,0,0,0,0,0,0,0,0,0,0,0,0,0,0,0,0,0,0,2,0,0,0,2,0,2,13,8,7,0,35,27,21,17,38,55,84,58,81,64,65,107,104,103,153,109,130,129,114,149,113,196,106,181,218,247,218,337,219,330,399,316,282,297,380,407,325,327,185
India,IND,Asia,Southern Asia,,.,.,.,Asia,https://www.countryflags.io/in/flat/64.png,0,0,0,0,0,0,0,1,0,0,1,1,0,0,0,0,0,0,0,0,0,0,0,0,0,0,0,0,0,0,0,0,0,0,0,0,0,0,0,2,0,23,2,1,3,5,4,13,6,11,9,20,11,6,23,14,38,50,86,66,103,37,121,70,160,100,37,227,146,601,545,24,515,506,1190,533,605,809,873,848,759,1248,1034,835,1108,922,1370,1893,924
Iceland,ISL,Europe,Northern Europe,,.,.,.,Europe,https://www.countryflags.io/is/flat/64.png,0,0,0,0,0,0,0,0,0,0,0,0,0,0,0,0,0,0,0,0,0,0,0,0,0,0,0,0,0,0,0,0,0,0,0,0,1,0,2,3,5,15,8,9,7,0,8,11,16,18,31,22,15,9,40,30,80,79,64,95,20,60,89,65,88,73,57,66,49,85,99,45,53,69,76,24,30,32,27,14,12,10,9,7,12,15,6,11,2
Hungary,HUN,Europe,Eastern Europe,,.,.,.,Europe,https://www.countryflags.io/hu/flat/64.png,0,0,0,0,0,0,0,0,0,0,0,0,0,0,0,0,0,0,0,0,0,0,0,0,0,0,0,0,0,0,0,0,0,0,0,0,0,0,0,0,0,2,0,0,2,3,2,0,4,0,6,11,2,7,11,8,15,12,18,28,36,20,39,35,39,43,65,39,45,33,60,38,55,55,11,73,78,85,210,120,100,48,54,67,73,111,71,82,68
Honduras,HND,Americas,Latin America and the Caribbean,Central America,1,2,1,Americas,https://www.countryflags.io/hn/flat/64.png,0,0,0,0,0,0,0,0,0,0,0,0,0,0,0,0,0,0,0,0,0,0,0,0,0,0,0,0,0,0,0,0,0,0,0,0,0,0,0,0,0,0,0,0,0,0,0,0,2,0,0,0,1,3,2,1,3,12,0,2,4,0,6,16,16,27,15,29,2,31,47,3,42,4,30,7,7,31,39,10,1,4,10,12,7,16,15,15,5
Holy See,VAT,Europe,Southern Europe,,.,.,.,,,0,0,0,0,0,0,0,0,0,0,0,0,0,0,0,0,0,0,0,0,0,0,0,0,0,0,0,0,0,0,0,0,0,0,0,0,0,0,0,0,0,0,0,1,0,0,0,0,0,0,0,0,0,0,0,0,0,0,0,0,0,3,0,0,0,2,0,0,0,0,1,0,0,0,0,0,1,0,0,0,0,0,0,0,0,0,0,0,1
Haiti,HTI,Americas,Latin America and the Caribbean,Caribbean,1,3,1,Americas,https://www.countryflags.io/ht/flat/64.png,0,0,0,0,0,0,0,0,0,0,0,0,0,0,0,0,0,0,0,0,0,0,0,0,0,0,0,0,0,0,0,0,0,0,0,0,0,0,0,0,0,0,0,0,0,0,0,0,0,0,0,0,0,0,0,0,0,2,0,0,4,1,1,0,0,0,7,0,0,1,0,2,2,1,3,1,2,3,1,2,0,7,0,1,0,2,1,3,10
Guyana,GUY,Americas,Latin America and the Caribbean,South America,1,1,.,Americas,https://www.countryflags.io/gy/flat/64.png,0,0,0,0,0,0,0,0,0,0,0,0,0,0,0,0,0,0,0,0,0,0,0,0,0,0,0,0,0,0,0,0,0,0,0,0,0,0,0,0,0,0,0,0,0,0,0,0,0,1,0,0,3,0,3,0,0,0,0,12,1,-15,0,0,0,3,0,0,4,7,0,4,0,1,7,2,4,0,0,8,0,0,2,8,0,8,0,2,0
Guinea-Bissau,GNB,Africa,Sub-Saharan Africa,Western Africa,.,.,.,Africa,https://www.countryflags.io/gw/flat/64.png,0,0,0,0,0,0,0,0,0,0,0,0,0,0,0,0,0,0,0,0,0,0,0,0,0,0,0,0,0,0,0,0,0,0,0,0,0,0,0,0,0,0,0,0,0,0,0,0,0,0,0,0,0,0,0,0,0,0,0,0,0,0,2,0,0,0,0,6,0,1,0,6,3,0,0,15,0,3,0,2,0,0,0,5,0,0,3,4,0
Guinea,GIN,Africa,Sub-Saharan Africa,Western Africa,.,.,.,Africa,https://www.countryflags.io/gn/flat/64.png,0,0,0,0,0,0,0,0,0,0,0,0,0,0,0,0,0,0,0,0,0,0,0,0,0,0,0,0,0,0,0,0,0,0,0,0,0,0,0,0,0,0,0,0,0,0,0,0,0,0,1,0,0,0,0,0,0,0,1,0,2,0,0,0,4,0,8,6,0,8,22,21,38,10,7,16,20,30,18,38,0,69,44,41,34,39,41,61,43
Guatemala,GTM,Americas,Latin America and the Caribbean,Central America,1,2,1,Americas,https://www.countryflags.io/gt/flat/64.png,0,0,0,0,0,0,0,0,0,0,0,0,0,0,0,0,0,0,0,0,0,0,0,0,0,0,0,0,0,0,0,0,0,0,0,0,0,0,0,0,0,0,0,0,0,0,0,0,0,0,0,1,0,1,4,0,3,3,5,2,1,1,3,1,3,6,0,2,2,1,8,3,11,0,9,7,10,8,31,11,18,1,11,13,16,18,21,22,32
Guadeloupe,GLP,Americas,Latin America and the Caribbean,Caribbean,1,.,.,,,0,0,0,0,0,0,0,0,0,0,0,0,0,0,0,0,0,0,0,0,0,0,0,0,0,0,0,0,0,0,0,0,0,0,0,0,0,0,0,0,0,0,0,0,0,0,0,0,0,0,1,0,2,3,12,9,6,12,8,5,4,0,11,0,0,29,4,0,8,11,3,2,4,1,0,4,2,0,2,0,0,0,2,0,0,0,3,0,0
Grenada,GRD,Americas,Latin America and the Caribbean,Caribbean,1,.,.,Americas,https://www.countryflags.io/gd/flat/64.png,0,0,0,0,0,0,0,0,0,0,0,0,0,0,0,0,0,0,0,0,0,0,0,0,0,0,0,0,0,0,0,0,0,0,0,0,0,0,0,0,0,0,0,0,0,0,0,0,0,0,0,0,0,0,0,0,0,0,0,1,0,0,0,6,0,0,2,0,0,0,1,2,0,0,0,0,0,0,2,0,0,0,0,0,0,0,0,0,0
Greenland,GRL,Americas,Northern America,,.,.,.,Americas,https://www.countryflags.io/gl/flat/64.png,0,0,0,0,0,0,0,0,0,0,0,0,0,0,0,0,0,0,0,0,0,0,0,0,0,0,0,0,0,0,0,0,0,0,0,0,0,0,0,0,0,0,0,0,0,0,0,0,0,0,0,0,0,1,0,0,1,0,0,2,0,1,1,0,4,0,0,0,0,0,0,0,1,0,0,0,0,0,0,0,0,0,0,0,0,0,0,0,0
Greece,GRC,Europe,Southern Europe,,.,.,.,Europe,https://www.countryflags.io/gr/flat/64.png,0,0,0,0,0,0,0,0,0,0,0,0,0,0,0,0,0,0,0,0,0,0,0,0,0,0,0,0,0,0,0,0,0,0,1,2,1,0,3,0,0,2,22,14,1,27,0,16,10,0,91,38,103,0,56,31,0,77,35,94,71,48,78,71,74,95,95,56,102,101,129,69,60,62,20,77,52,71,56,70,33,31,25,22,15,17,11,0,10
Gibraltar,GIB,Europe,Southern Europe,,.,.,.,Europe,https://www.countryflags.io/gi/flat/64.png,0,0,0,0,0,0,0,0,0,0,0,0,0,0,0,0,0,0,0,0,0,0,0,0,0,0,0,0,0,0,0,0,0,0,0,0,0,0,0,0,0,1,0,0,0,0,0,0,0,0,0,0,0,0,2,5,2,0,0,5,0,0,11,9,20,1,9,4,0,12,7,7,3,5,6,4,7,3,4,2,0,0,0,2,0,1,0,0,0
Ghana,GHA,Africa,Sub-Saharan Africa,Western Africa,.,.,.,Africa,https://www.countryflags.io/gh/flat/64.png,0,0,0,0,0,0,0,0,0,0,0,0,0,0,0,0,0,0,0,0,0,0,0,0,0,0,0,0,0,0,0,0,0,0,0,0,0,0,0,0,0,0,0,0,0,0,0,0,0,0,0,3,3,0,1,0,4,5,3,4,4,26,40,39,5,4,11,0,9,34,9,1,0,9,0,73,26,65,0,30,158,0,70,0,5,0,193,208,0
Germany,DEU,Europe,Western Europe,,.,.,.,Europe,https://www.countryflags.io/de/flat/64.png,0,0,0,0,1,3,0,0,1,3,2,2,0,0,0,1,0,1,0,2,0,0,0,0,0,0,0,0,0,0,0,0,0,1,10,19,2,31,51,29,37,66,220,188,129,241,136,281,451,170,1597,910,1210,1477,1985,3070,2993,4528,2365,2660,4183,3930,4337,6615,6933,6824,4400,4790,4923,6064,6922,6365,4933,4031,3251,4289,5633,4885,3990,2737,2946,2218,1287,3394,2945,3699,1945,1842,1881
Georgia,GEO,Asia,Western Asia,,.,.,.,Asia,https://www.countryflags.io/ge/flat/64.png,0,0,0,0,0,0,0,0,0,0,0,0,0,0,0,0,0,0,0,0,0,0,0,0,0,0,0,0,0,0,0,0,0,0,1,0,0,0,2,0,0,0,1,0,0,9,2,0,9,0,1,5,3,0,1,4,2,3,6,5,7,9,5,4,4,7,1,12,7,7,17,21,7,12,14,8,15,7,16,8,15,15,28,6,42,22,18,6,8
Gambia,GMB,Africa,Sub-Saharan Africa,Western Africa,.,.,.,Africa,https://www.countryflags.io/gm/flat/64.png,0,0,0,0,0,0,0,0,0,0,0,0,0,0,0,0,0,0,0,0,0,0,0,0,0,0,0,0,0,0,0,0,0,0,0,0,0,0,0,0,0,0,0,0,0,0,0,0,0,0,0,0,0,0,1,0,0,0,0,0,1,1,0,0,0,0,1,0,0,0,0,0,0,0,0,0,0,0,0,5,0,0,0,0,0,0,0,1,0
Gabon,GAB,Africa,Sub-Saharan Africa,Middle Africa,.,.,.,Africa,https://www.countryflags.io/ga/flat/64.png,0,0,0,0,0,0,0,0,0,0,0,0,0,0,0,0,0,0,0,0,0,0,0,0,0,0,0,0,0,0,0,0,0,0,0,0,0,0,0,0,0,0,0,0,0,0,0,0,0,0,0,1,0,0,0,0,0,2,1,1,0,1,0,1,0,0,0,0,9,2,3,0,0,0,3,6,4,10,0,2,3,8,0,23,0,28,0,1,11
French Polynesia,PYF,Oceania,Polynesia,,.,.,.,Oceania,https://www.countryflags.io/pf/flat/64.png,0,0,0,0,0,0,0,0,0,0,0,0,0,0,0,0,0,0,0,0,0,0,0,0,0,0,0,0,0,0,0,0,0,0,0,0,0,0,0,0,0,0,0,0,0,0,0,0,0,0,3,0,0,0,0,0,3,5,4,3,0,7,0,5,0,0,0,6,0,1,0,2,1,1,1,5,4,0,0,0,2,2,0,0,0,0,0,0,1
French Guiana,GUF,Americas,Latin America and the Caribbean,South America,1,1,.,,,0,0,0,0,0,0,0,0,0,0,0,0,0,0,0,0,0,0,0,0,0,0,0,0,0,0,0,0,0,0,0,0,0,0,0,0,0,0,0,0,0,0,0,0,5,0,0,0,0,0,0,0,2,4,0,0,0,4,3,0,2,3,5,0,0,0,0,15,0,8,0,6,4,0,11,0,5,6,0,0,3,0,0,0,0,10,0,0,1
France,FRA,Europe,Western Europe,,.,.,.,Europe,https://www.countryflags.io/fr/flat/64.png,0,2,1,0,0,1,1,0,0,1,0,0,0,0,0,0,5,0,0,0,0,0,0,1,0,0,0,0,0,0,0,0,0,2,4,20,19,43,30,61,13,81,92,276,296,177,83,575,497,0,1380,808,30,2134,1019,1391,1828,1741,1670,1736,3838,2448,2929,3922,3809,4611,2599,4376,7578,4861,2116,5233,4267,1873,3912,3777,3881,4286,4342,3114,26843,3665,5955,3217,12490,2009,0,4925,2381
Finland,FIN,Europe,Northern Europe,,.,.,.,Europe,https://www.countryflags.io/fi/flat/64.png,0,0,0,0,0,0,1,0,0,0,0,0,0,0,0,0,0,0,0,0,0,0,0,0,0,0,0,0,0,0,0,0,0,0,1,0,0,1,3,0,0,0,6,3,0,8,7,10,19,0,96,70,19,33,44,15,64,50,73,103,74,92,88,78,83,126,73,112,66,28,72,97,267,45,249,132,179,118,164,136,69,90,97,76,132,120,192,102,85
Fiji,FJI,Oceania,Melanesia,,.,.,.,Oceania,https://www.countryflags.io/fj/flat/64.png,0,0,0,0,0,0,0,0,0,0,0,0,0,0,0,0,0,0,0,0,0,0,0,0,0,0,0,0,0,0,0,0,0,0,0,0,0,0,0,0,0,0,0,0,0,0,0,0,0,0,0,0,0,0,0,0,1,0,0,1,1,1,1,0,0,0,0,0,0,0,2,0,5,0,2,1,0,0,1,0,0,0,0,0,1,0,0,0,1
Faroe Islands,FRO,Europe,Northern Europe,,.,.,.,Europe,https://www.countryflags.io/fo/flat/64.png,0,0,0,0,0,0,0,0,0,0,0,0,0,0,0,0,0,0,0,0,0,0,0,0,0,0,0,0,0,0,0,0,0,0,0,0,0,0,0,0,0,1,0,0,0,1,0,0,0,0,1,6,2,7,29,11,14,8,12,23,3,4,10,8,4,11,4,9,1,4,4,2,2,0,2,1,0,0,0,0,0,0,0,0,0,0,0,1,0
Falkland Islands (Malvinas),FLK,Americas,Latin America and the Caribbean,South America,1,1,.,,,0,0,0,0,0,0,0,0,0,0,0,0,0,0,0,0,0,0,0,0,0,0,0,0,0,0,0,0,0,0,0,0,0,0,0,0,0,0,0,0,0,0,0,0,0,0,0,0,0,0,0,0,0,0,0,0,0,0,0,0,0,0,0,0,0,0,0,0,0,0,0,0,1,1,0,0,3,0,0,0,0,0,6,0,0,0,0,0,0
Ethiopia,ETH,Africa,Sub-Saharan Africa,Eastern Africa,.,.,.,Africa,https://www.countryflags.io/et/flat/64.png,0,0,0,0,0,0,0,0,0,0,0,0,0,0,0,0,0,0,0,0,0,0,0,0,0,0,0,0,0,0,0,0,0,0,0,0,0,0,0,0,0,0,0,0,0,0,0,0,0,0,1,0,0,4,0,1,0,3,0,2,0,1,0,0,4,0,5,2,3,3,0,6,3,5,1,8,3,1,9,4,2,3,8,3,7,4,9,3,3
Eswatini,SWZ,Africa,Sub-Saharan Africa,Southern Africa,.,.,.,Africa,https://www.countryflags.io/sz/flat/64.png,0,0,0,0,0,0,0,0,0,0,0,0,0,0,0,0,0,0,0,0,0,0,0,0,0,0,0,0,0,0,0,0,0,0,0,0,0,0,0,0,0,0,0,0,0,0,0,0,0,0,0,1,0,0,0,0,0,0,0,3,0,0,0,2,3,0,0,0,0,0,0,0,0,0,1,0,2,0,0,0,2,1,0,0,1,0,6,0,2
Estonia,EST,Europe,Northern Europe,,.,.,.,Europe,https://www.countryflags.io/ee/flat/64.png,0,0,0,0,0,0,0,0,0,0,0,0,0,0,0,0,0,0,0,0,0,0,0,0,0,0,0,0,0,0,0,0,0,0,0,1,0,0,0,0,1,0,1,7,0,0,0,2,4,0,63,36,56,34,20,33,9,16,23,20,26,17,35,134,37,70,34,36,30,34,79,103,78,58,11,41,36,22,51,46,5,23,41,27,34,25,53,16,7
Eritrea,ERI,Africa,Sub-Saharan Africa,Eastern Africa,.,.,.,Africa,https://www.countryflags.io/er/flat/64.png,0,0,0,0,0,0,0,0,0,0,0,0,0,0,0,0,0,0,0,0,0,0,0,0,0,0,0,0,0,0,0,0,0,0,0,0,0,0,0,0,0,0,0,0,0,0,0,0,0,0,0,0,0,0,0,0,0,0,1,0,0,0,3,2,0,0,6,0,3,0,7,0,7,0,2,0,2,0,1,0,0,0,0,1,0,0,4,0,0
Equatorial Guinea,GNQ,Africa,Sub-Saharan Africa,Middle Africa,.,.,.,Africa,https://www.countryflags.io/gq/flat/64.png,0,0,0,0,0,0,0,0,0,0,0,0,0,0,0,0,0,0,0,0,0,0,0,0,0,0,0,0,0,0,0,0,0,0,0,0,0,0,0,0,0,0,0,0,0,0,0,0,0,0,0,0,1,0,0,3,2,0,0,0,3,0,0,3,0,0,0,0,0,3,0,1,0,0,0,0,2,0,0,0,3,0,20,10,0,28,0,0,0
El Salvador,SLV,Americas,Latin America and the Caribbean,Central America,1,2,1,Americas,https://www.countryflags.io/sv/flat/64.png,0,0,0,0,0,0,0,0,0,0,0,0,0,0,0,0,0,0,0,0,0,0,0,0,0,0,0,0,0,0,0,0,0,0,0,0,0,0,0,0,0,0,0,0,0,0,0,0,0,0,0,0,0,0,0,0,1,0,2,0,0,2,4,4,0,6,5,6,2,0,9,5,10,6,7,9,15,10,14,1,7,12,12,10,5,13,13,11,17
Egypt,EGY,Africa,Northern Africa,,.,.,.,Africa,https://www.countryflags.io/eg/flat/64.png,0,0,0,0,0,0,0,0,0,0,0,0,0,0,0,0,0,0,0,0,0,0,1,0,0,0,0,0,0,0,0,0,0,0,0,0,0,0,1,0,0,0,1,12,0,34,6,4,1,7,13,29,1,40,46,0,60,29,9,33,39,36,54,39,41,40,33,47,54,69,86,120,85,103,149,128,110,139,95,145,126,125,160,155,168,171,188,112,189
Ecuador,ECU,Americas,Latin America and the Caribbean,South America,1,1,1,Americas,https://www.countryflags.io/ec/flat/64.png,0,0,0,0,0,0,0,0,0,0,0,0,0,0,0,0,0,0,0,0,0,0,0,0,0,0,0,0,0,0,0,0,0,0,0,0,0,0,6,0,1,3,3,0,0,1,1,0,2,0,0,11,0,9,21,53,88,168,139,283,192,101,91,230,192,228,101,38,278,508,415,205,97,181,101,0,703,515,2196,96,209,63,74,255,367,225,572,446,660
Dominican Republic,DOM,Americas,Latin America and the Caribbean,Caribbean,1,3,1,Americas,https://www.countryflags.io/do/flat/64.png,0,0,0,0,0,0,0,0,0,0,0,0,0,0,0,0,0,0,0,0,0,0,0,0,0,0,0,0,0,0,0,0,0,0,0,0,0,0,1,0,0,0,0,1,0,3,0,0,0,0,0,6,0,0,10,0,13,38,40,90,43,67,80,96,93,138,140,42,208,175,96,108,0,257,83,128,155,238,271,139,208,200,119,328,141,371,209,345,284
Dominica,DMA,Americas,Latin America and the Caribbean,Caribbean,1,.,.,Americas,https://www.countryflags.io/dm/flat/64.png,0,0,0,0,0,0,0,0,0,0,0,0,0,0,0,0,0,0,0,0,0,0,0,0,0,0,0,0,0,0,0,0,0,0,0,0,0,0,0,0,0,0,0,0,0,0,0,0,0,0,0,0,0,0,0,0,0,0,0,1,1,0,5,4,0,0,0,0,1,0,0,0,2,0,1,0,0,0,1,0,0,0,0,0,0,0,0,0,0
Djibouti,DJI,Africa,Sub-Saharan Africa,Eastern Africa,.,.,.,Africa,https://www.countryflags.io/dj/flat/64.png,0,0,0,0,0,0,0,0,0,0,0,0,0,0,0,0,0,0,0,0,0,0,0,0,0,0,0,0,0,0,0,0,0,0,0,0,0,0,0,0,0,0,0,0,0,0,0,0,0,0,0,0,0,0,0,1,0,0,0,0,2,0,8,0,1,2,4,0,12,3,7,9,1,9,31,0,45,0,15,37,27,84,65,72,156,141,0,114,0
Denmark,DNK,Europe,Northern Europe,,.,.,.,Europe,https://www.countryflags.io/dk/flat/64.png,0,0,0,0,0,0,0,0,0,0,0,0,0,0,0,0,0,0,0,0,0,0,0,0,0,0,0,0,0,0,0,0,0,0,0,1,0,2,1,0,2,4,0,13,0,12,55,172,180,173,186,26,37,50,63,80,94,104,71,69,55,141,133,153,169,155,194,182,283,247,279,371,320,292,312,390,331,233,184,177,178,144,193,170,198,194,169,142,131
Czech Republic,CZE,Europe,Eastern Europe,,.,.,.,Europe,https://www.countryflags.io/cz/flat/64.png,0,0,0,0,0,0,0,0,0,0,0,0,0,0,0,0,0,0,0,0,0,0,0,0,0,0,0,0,0,0,0,0,0,0,0,0,0,0,3,0,2,3,4,6,1,12,0,10,50,3,47,48,64,45,98,68,230,139,162,125,116,158,260,271,354,352,186,184,307,200,350,233,381,115,235,195,295,257,163,99,160,68,52,105,217,116,57,140,154
Cyprus,CYP,Asia,Western Asia,,.,.,.,Asia,https://www.countryflags.io/cy/flat/64.png,0,0,0,0,0,0,0,0,0,0,0,0,0,0,0,0,0,0,0,0,0,0,0,0,0,0,0,0,0,0,0,0,0,0,0,0,0,0,0,0,0,0,0,0,0,0,2,1,3,0,8,12,0,7,13,3,18,0,17,11,21,8,8,14,16,17,35,16,32,58,36,40,30,20,19,29,32,38,31,21,17,29,33,20,20,15,11,6,5
Curacao,CUW,Americas,Latin America and the Caribbean,Caribbean,1,.,.,Americas,https://www.countryflags.io/cw/flat/64.png,0,0,0,0,0,0,0,0,0,0,0,0,0,0,0,0,0,0,0,0,0,0,0,0,0,0,0,0,0,0,0,0,0,0,0,0,0,0,0,0,0,0,0,0,0,0,0,0,0,0,0,1,0,0,2,0,0,0,0,0,1,2,0,0,2,0,0,3,0,0,0,0,0,0,2,0,1,0,0,0,0,0,0,0,0,0,0,0,0
Cuba,CUB,Americas,Latin America and the Caribbean,Caribbean,1,.,.,Americas,https://www.countryflags.io/cu/flat/64.png,0,0,0,0,0,0,0,0,0,0,0,0,0,0,0,0,0,0,0,0,0,0,0,0,0,0,0,0,0,0,0,0,0,0,0,0,0,0,0,0,0,0,0,0,0,0,0,0,0,3,1,0,0,0,1,2,4,5,5,14,5,8,9,10,13,39,20,31,16,26,21,36,19,32,30,46,61,58,49,56,49,57,40,48,48,61,63,49,52
Croatia,HRV,Europe,Southern Europe,,.,.,.,Europe,https://www.countryflags.io/hr/flat/64.png,0,0,0,0,0,0,0,0,0,0,0,0,0,0,0,0,0,0,0,0,0,0,0,0,0,0,0,0,0,0,0,0,0,1,2,0,2,1,1,0,2,1,0,1,1,0,0,2,5,0,13,6,11,8,8,16,24,23,78,48,61,67,60,53,91,71,56,77,77,96,48,68,47,56,40,60,61,64,88,39,66,50,54,37,50,23,18,39,10
Cote d'Ivoire,CIV,Africa,Sub-Saharan Africa,Western Africa,.,.,.,Africa,https://www.countryflags.io/ci/flat/64.png,0,0,0,0,0,0,0,0,0,0,0,0,0,0,0,0,0,0,0,0,0,0,0,0,0,0,0,0,0,0,0,0,0,0,0,0,0,0,0,0,0,0,0,0,0,0,0,0,1,0,0,0,0,0,4,1,3,0,5,0,11,48,7,16,5,0,64,3,11,11,4,24,27,16,62,26,35,60,0,89,41,52,12,0,16,34,113,46,0
Costa Rica,CRI,Americas,Latin America and the Caribbean,Central America,1,2,1,Americas,https://www.countryflags.io/cr/flat/64.png,0,0,0,0,0,0,0,0,0,0,0,0,0,0,0,0,0,0,0,0,0,0,0,0,0,0,0,0,0,0,0,0,0,0,0,0,0,0,0,0,0,0,0,1,0,4,4,0,4,9,1,3,1,8,6,9,19,20,28,17,24,19,24,30,32,32,19,16,17,28,21,20,19,19,13,16,19,37,19,19,18,17,6,8,16,7,6,5,2
Congo (Kinshasa),COD,Africa,Sub-Saharan Africa,Middle Africa,.,.,.,Africa,https://www.countryflags.io/cd/flat/64.png,0,0,0,0,0,0,0,0,0,0,0,0,0,0,0,0,0,0,0,0,0,0,0,0,0,0,0,0,0,0,0,0,0,0,0,0,0,0,0,0,0,0,0,0,0,0,0,0,1,0,1,0,0,0,1,1,10,4,5,7,6,9,3,3,0,14,0,16,17,11,25,0,20,0,7,19,0,0,35,8,11,1,6,13,13,20,20,20,5
Congo (Brazzaville),COG,Africa,Sub-Saharan Africa,Middle Africa,.,.,.,Africa,https://www.countryflags.io/cg/flat/64.png,0,0,0,0,0,0,0,0,0,0,0,0,0,0,0,0,0,0,0,0,0,0,0,0,0,0,0,0,0,0,0,0,0,0,0,0,0,0,0,0,0,0,0,0,0,0,0,0,0,0,0,0,1,0,0,0,2,0,0,0,1,0,0,0,0,0,15,0,0,0,3,0,0,23,0,0,0,15,0,0,0,0,0,57,0,26,0,0,17
Colombia,COL,Americas,Latin America and the Caribbean,South America,1,1,1,Americas,https://www.countryflags.io/co/flat/64.png,0,0,0,0,0,0,0,0,0,0,0,0,0,0,0,0,0,0,0,0,0,0,0,0,0,0,0,0,0,0,0,0,0,0,0,0,0,0,0,0,0,0,0,1,0,0,0,2,6,0,4,9,12,20,11,28,9,26,68,35,46,101,92,21,48,69,94,96,108,159,96,106,139,79,94,201,274,169,250,236,67,76,127,126,128,206,0,353,185
China,CHN,Asia,Eastern Asia,,.,.,.,Asia,https://www.countryflags.io/cn/flat/64.png,95,277,486,669,802,2632,578,2054,1661,2089,4739,3086,3991,3733,3147,3523,2704,3015,2525,2032,373,15136,6463,2055,2100,1921,1777,408,458,473,1451,21,219,513,412,434,328,428,576,204,125,125,151,153,80,53,37,27,34,11,13,32,26,30,25,44,54,94,55,130,63,93,70,121,115,102,123,76,81,82,71,79,32,59,63,53,91,74,58,73,120,79,93,50,47,357,27,18,12
Chile,CHL,Americas,Latin America and the Caribbean,South America,1,1,1,Americas,https://www.countryflags.io/cl/flat/64.png,0,0,0,0,0,0,0,0,0,0,0,0,0,0,0,0,0,0,0,0,0,0,0,0,0,0,0,0,0,0,0,0,0,0,0,0,0,0,0,0,1,0,3,0,0,4,0,5,10,0,20,18,13,81,46,37,0,196,103,95,114,176,220,164,304,299,230,310,289,293,373,333,424,310,344,301,430,426,529,426,286,312,392,356,534,445,478,358,419
Channel Islands,CHI,Europe,,,.,.,.,,,0,0,0,0,0,0,0,0,0,0,0,0,0,0,0,0,0,0,0,0,0,0,0,0,0,0,0,0,0,0,0,0,0,0,0,0,0,0,0,0,0,0,0,0,0,0,0,1,1,0,0,0,1,3,0,0,5,3,18,0,4,0,10,20,22,9,11,33,0,31,21,39,30,47,14,12,16,10,37,9,24,5,4,7,10,13,14,4,0
Chad,TCD,Africa,Sub-Saharan Africa,Middle Africa,.,.,.,Africa,https://www.countryflags.io/td/flat/64.png,0,0,0,0,0,0,0,0,0,0,0,0,0,0,0,0,0,0,0,0,0,0,0,0,0,0,0,0,0,0,0,0,0,0,0,0,0,0,0,0,0,0,0,0,0,0,0,0,0,0,0,0,0,0,0,0,1,0,0,0,0,2,0,0,0,0,0,2,2,0,1,0,1,0,0,1,0,1,0,0,7,5,0,0,4,0,6,0,0
Central African Republic,CAF,Africa,Sub-Saharan Africa,Middle Africa,.,.,.,Africa,https://www.countryflags.io/cf/flat/64.png,0,0,0,0,0,0,0,0,0,0,0,0,0,0,0,0,0,0,0,0,0,0,0,0,0,0,0,0,0,0,0,0,0,0,0,0,0,0,0,0,0,0,0,0,0,0,0,0,0,0,0,0,1,0,0,0,0,2,0,0,0,0,0,0,0,0,0,0,0,0,0,5,0,0,0,0,0,0,0,0,0,3,0,1,0,0,0,0,0
Cayman Islands,CYM,Americas,Latin America and the Caribbean,Caribbean,1,.,.,Americas,https://www.countryflags.io/ky/flat/64.png,0,0,0,0,0,0,0,0,0,0,0,0,0,0,0,0,0,0,0,0,0,0,0,0,0,0,0,0,0,0,0,0,0,0,0,0,0,0,0,0,0,0,0,0,0,0,0,0,0,0,1,0,0,0,0,0,2,0,0,0,2,1,2,0,0,0,0,4,2,8,6,0,7,0,4,6,0,0,0,0,8,0,1,0,6,1,0,0,5
Canada,CAN,Americas,Northern America,,.,.,.,Americas,https://www.countryflags.io/ca/flat/64.png,0,0,0,1,0,1,0,0,2,0,0,0,0,1,0,2,0,0,0,0,0,0,0,0,0,1,0,0,0,1,0,0,1,1,0,2,1,6,4,3,3,3,4,12,5,10,13,2,29,9,76,5,54,163,63,179,143,143,334,192,619,702,461,791,640,894,704,1118,1129,1033,1724,1153,541,2778,807,1309,1269,1513,1405,1257,982,1381,1355,1174,2600,2005,1542,1277,2025
Cameroon,CMR,Africa,Sub-Saharan Africa,Middle Africa,.,.,.,Africa,https://www.countryflags.io/cm/flat/64.png,0,0,0,0,0,0,0,0,0,0,0,0,0,0,0,0,0,0,0,0,0,0,0,0,0,0,0,0,0,0,0,0,0,0,0,0,0,0,0,0,0,0,0,1,0,1,0,0,0,0,0,0,0,2,6,0,3,7,7,13,16,10,9,0,16,0,48,0,54,40,73,203,46,95,8,0,72,0,90,0,0,0,28,0,148,0,21,0,146
Cambodia,KHM,Asia,South-eastern Asia,,.,.,.,Asia,https://www.countryflags.io/kh/flat/64.png,0,0,0,0,1,0,0,0,0,0,0,0,0,0,0,0,0,0,0,0,0,0,0,0,0,0,0,0,0,0,0,0,0,0,0,0,0,0,0,0,0,0,0,0,0,1,0,0,1,0,2,2,0,0,26,2,2,14,2,31,3,4,5,0,3,0,4,4,2,0,1,4,0,0,0,1,2,2,0,1,2,0,0,0,0,0,0,0,0
Cabo Verde,CPV,Africa,Sub-Saharan Africa,Western Africa,.,.,.,Africa,https://www.countryflags.io/cv/flat/64.png,0,0,0,0,0,0,0,0,0,0,0,0,0,0,0,0,0,0,0,0,0,0,0,0,0,0,0,0,0,0,0,0,0,0,0,0,0,0,0,0,0,0,0,0,0,0,0,0,0,0,0,0,0,0,0,0,0,1,2,0,0,0,1,0,1,0,1,0,0,0,0,0,1,0,0,0,0,0,0,1,0,2,1,45,0,0,2,3,6
Burundi,BDI,Africa,Sub-Saharan Africa,Eastern Africa,.,.,.,Africa,https://www.countryflags.io/bi/flat/64.png,0,0,0,0,0,0,0,0,0,0,0,0,0,0,0,0,0,0,0,0,0,0,0,0,0,0,0,0,0,0,0,0,0,0,0,0,0,0,0,0,0,0,0,0,0,0,0,0,0,0,0,0,0,0,0,0,0,0,0,0,0,0,0,0,0,0,0,0,2,0,1,0,0,0,0,0,0,0,0,2,0,0,0,0,0,0,0,0,0
Burkina Faso,BFA,Africa,Sub-Saharan Africa,Western Africa,.,.,.,Africa,https://www.countryflags.io/bf/flat/64.png,0,0,0,0,0,0,0,0,0,0,0,0,0,0,0,0,0,0,0,0,0,0,0,0,0,0,0,0,0,0,0,0,0,0,0,0,0,0,0,0,0,0,0,0,0,0,0,1,1,0,0,0,1,12,0,5,13,7,24,11,24,15,32,6,28,27,15,24,15,21,6,14,16,27,19,20,30,29,0,41,13,0,31,14,4,11,8,11,5
Bulgaria,BGR,Europe,Eastern Europe,,.,.,.,Europe,https://www.countryflags.io/bg/flat/64.png,0,0,0,0,0,0,0,0,0,0,0,0,0,0,0,0,0,0,0,0,0,0,0,0,0,0,0,0,0,0,0,0,0,0,0,0,0,0,0,0,0,0,0,0,0,4,0,0,3,0,16,18,10,1,15,25,2,33,36,24,14,17,24,22,29,38,15,13,40,23,35,28,18,28,18,28,16,25,17,26,14,10,28,34,53,46,32,16,35
Brunei,BRN,Asia,South-eastern Asia,,.,.,.,Asia,https://www.countryflags.io/bn/flat/64.png,0,0,0,0,0,0,0,0,0,0,0,0,0,0,0,0,0,0,0,0,0,0,0,0,0,0,0,0,0,0,0,0,0,0,0,0,0,0,0,0,0,0,0,0,0,0,1,0,10,0,26,3,10,4,2,12,7,3,5,5,3,13,5,5,1,5,6,1,2,2,2,1,1,0,0,0,0,0,1,0,0,0,0,0,0,0,1,1,0
British Virgin Islands,VGB,Americas,Latin America and the Caribbean,Caribbean,1,.,.,Americas,https://www.countryflags.io/vg/flat/64.png,0,0,0,0,0,0,0,0,0,0,0,0,0,0,0,0,0,0,0,0,0,0,0,0,0,0,0,0,0,0,0,0,0,0,0,0,0,0,0,0,0,0,0,0,0,0,0,0,0,0,0,0,0,0,0,0,0,0,0,0,0,0,0,0,0,2,0,0,1,0,0,0,0,0,0,0,0,0,0,0,0,0,0,0,0,1,0,0,1
Brazil,BRA,Americas,Latin America and the Caribbean,South America,1,1,1,Americas,https://www.countryflags.io/br/flat/64.png,0,0,0,0,0,0,0,0,0,0,0,0,0,0,0,0,0,0,0,0,0,0,0,0,0,0,0,0,0,0,0,0,0,0,1,0,0,1,0,0,0,2,0,9,0,7,5,6,7,14,99,0,11,38,121,51,249,172,228,525,378,323,307,431,432,487,352,323,1138,1119,1208,1012,1304,770,1031,1873,2136,1922,1546,1089,1465,1238,1832,3058,2105,3257,2976,1996,2089
Botswana,BWA,Africa,Sub-Saharan Africa,Southern Africa,.,.,.,Africa,https://www.countryflags.io/bw/flat/64.png,0,0,0,0,0,0,0,0,0,0,0,0,0,0,0,0,0,0,0,0,0,0,0,0,0,0,0,0,0,0,0,0,0,0,0,0,0,0,0,0,0,0,0,0,0,0,0,0,0,0,0,0,0,0,0,0,0,0,0,0,0,0,0,0,0,0,0,3,1,0,0,0,0,2,0,0,0,7,0,0,0,0,0,0,2,0,0,5,0
Bosnia and Herzegovina,BIH,Europe,Southern Europe,,.,.,.,Europe,https://www.countryflags.io/ba/flat/64.png,0,0,0,0,0,0,0,0,0,0,0,0,0,0,0,0,0,0,0,0,0,0,0,0,0,0,0,0,0,0,0,0,0,0,0,0,0,0,0,0,0,0,2,0,1,0,0,2,2,4,2,5,6,1,1,12,25,26,4,33,10,30,10,15,46,21,65,45,52,39,74,46,45,30,20,90,40,54,43,45,63,28,46,27,57,47,54,17,24
"Bonaire, Sint Eustatius and Saba",BES,Americas,Latin America and the Caribbean,Caribbean,1,.,.,,,0,0,0,0,0,0,0,0,0,0,0,0,0,0,0,0,0,0,0,0,0,0,0,0,0,0,0,0,0,0,0,0,0,0,0,0,0,0,0,0,0,0,0,0,0,0,0,0,0,0,0,0,0,0,0,0,0,0,0,0,0,0,0,0,0,0,0,0,0,0,2,0,0,0,0,0,0,0,0,0,1,0,0,0,0,0,0,2,0
Bolivia,BOL,Americas,Latin America and the Caribbean,South America,1,1,1,Americas,https://www.countryflags.io/bo/flat/64.png,0,0,0,0,0,0,0,0,0,0,0,0,0,0,0,0,0,0,0,0,0,0,0,0,0,0,0,0,0,0,0,0,0,0,0,0,0,0,0,0,0,0,0,0,0,0,0,0,2,0,1,7,0,1,0,1,0,3,4,5,3,2,3,11,18,13,7,16,10,8,8,9,7,18,26,11,16,54,4,7,25,30,24,43,44,24,28,27,44
Bhutan,BTN,Asia,Southern Asia,,.,.,.,Asia,https://www.countryflags.io/bt/flat/64.png,0,0,0,0,0,0,0,0,0,0,0,0,0,0,0,0,0,0,0,0,0,0,0,0,0,0,0,0,0,0,0,0,0,0,0,0,0,0,0,0,0,0,0,1,0,0,0,0,0,0,0,0,0,0,0,0,0,1,0,0,0,0,0,0,1,0,1,0,0,0,1,0,0,0,0,0,0,0,0,0,0,0,0,0,0,0,0,0,0
Bermuda,BMU,Americas,Northern America,,.,.,.,Americas,https://www.countryflags.io/bm/flat/64.png,0,0,0,0,0,0,0,0,0,0,0,0,0,0,0,0,0,0,0,0,0,0,0,0,0,0,0,0,0,0,0,0,0,0,0,0,0,0,0,0,0,0,0,0,0,0,0,0,0,0,0,0,0,0,0,0,2,0,0,4,0,0,1,8,2,0,5,5,5,0,3,0,0,2,2,0,0,9,0,0,9,0,0,24,0,2,0,3,0
Benin,BEN,Africa,Sub-Saharan Africa,Western Africa,.,.,.,Africa,https://www.countryflags.io/bj/flat/64.png,0,0,0,0,0,0,0,0,0,0,0,0,0,0,0,0,0,0,0,0,0,0,0,0,0,0,0,0,0,0,0,0,0,0,0,0,0,0,0,0,0,0,0,0,0,0,0,0,0,0,0,0,0,1,0,1,0,0,0,0,3,1,0,0,0,0,0,0,3,4,0,3,0,6,4,0,0,0,9,0,0,0,0,0,0,0,0,0,19
Belize,BLZ,Americas,Latin America and the Caribbean,Central America,1,2,1,Americas,https://www.countryflags.io/bz/flat/64.png,0,0,0,0,0,0,0,0,0,0,0,0,0,0,0,0,0,0,0,0,0,0,0,0,0,0,0,0,0,0,0,0,0,0,0,0,0,0,0,0,0,0,0,0,0,0,0,0,0,0,0,0,0,0,0,0,0,0,0,0,1,0,1,0,0,0,0,1,0,0,0,1,0,1,2,0,1,1,1,3,1,4,0,0,0,0,0,0,0
Belgium,BEL,Europe,Western Europe,,.,.,.,Europe,https://www.countryflags.io/be/flat/64.png,0,0,0,0,0,0,0,0,0,0,0,0,1,0,0,0,0,0,0,0,0,0,0,0,0,0,0,0,0,0,0,0,0,0,0,0,0,0,1,6,5,10,27,59,60,31,39,28,47,0,245,130,197,172,185,243,309,462,558,586,342,526,668,1298,1049,1850,1702,1063,876,1189,1384,1422,1661,1260,1123,1380,1209,1580,1684,1351,1629,942,530,2454,1236,1329,1045,1313,1487
Belarus,BLR,Europe,Eastern Europe,,.,.,.,Europe,https://www.countryflags.io/by/flat/64.png,0,0,0,0,0,0,0,0,0,0,0,0,0,0,0,0,0,0,0,0,0,0,0,0,0,0,0,0,0,0,0,0,0,0,0,0,1,0,0,0,0,5,0,0,0,0,0,3,0,3,15,0,0,9,0,15,0,18,7,0,5,0,5,0,8,0,0,58,0,11,141,47,89,122,138,161,205,420,495,245,352,341,362,447,476,575,0,0,1485
Barbados,BRB,Americas,Latin America and the Caribbean,Caribbean,1,3,1,Americas,https://www.countryflags.io/bb/flat/64.png,0,0,0,0,0,0,0,0,0,0,0,0,0,0,0,0,0,0,0,0,0,0,0,0,0,0,0,0,0,0,0,0,0,0,0,0,0,0,0,0,0,0,0,0,0,0,0,0,0,0,0,0,0,0,2,0,3,0,1,8,3,1,0,0,6,2,7,0,1,0,12,5,1,4,4,3,0,3,1,1,3,1,0,1,2,0,0,0,0
Bangladesh,BGD,Asia,Southern Asia,,.,.,.,Asia,https://www.countryflags.io/bd/flat/64.png,0,0,0,0,0,0,0,0,0,0,0,0,0,0,0,0,0,0,0,0,0,0,0,0,0,0,0,0,0,0,0,0,0,0,0,0,0,0,0,0,0,0,0,0,0,3,0,0,0,0,0,0,2,3,2,4,3,3,5,2,6,6,0,5,4,0,0,1,2,3,2,5,9,18,35,41,54,112,94,58,139,182,209,219,341,266,306,312,492
Bahrain,BHR,Asia,Western Asia,,.,.,.,Asia,https://www.countryflags.io/bh/flat/64.png,0,0,0,0,0,0,0,0,0,0,0,0,0,0,0,0,0,0,0,0,0,0,0,0,0,0,0,0,0,0,0,0,1,22,10,0,3,5,6,2,0,3,3,5,25,0,10,15,85,0,0,15,4,0,14,28,22,7,20,29,43,15,27,39,8,10,23,16,52,2,74,29,16,12,56,55,12,64,38,115,96,225,167,143,29,40,33,108,26
Bahamas,BHS,Americas,Latin America and the Caribbean,Caribbean,1,3,1,Americas,https://www.countryflags.io/bs/flat/64.png,0,0,0,0,0,0,0,0,0,0,0,0,0,0,0,0,0,0,0,0,0,0,0,0,0,0,0,0,0,0,0,0,0,0,0,0,0,0,0,0,0,0,0,0,0,0,0,0,0,0,0,0,0,1,0,0,2,0,1,0,0,1,0,4,1,0,1,3,0,7,3,0,4,0,1,4,7,1,1,4,0,1,2,0,4,1,1,0,5
Azerbaijan,AZE,Asia,Western Asia,,.,.,.,Asia,https://www.countryflags.io/az/flat/64.png,0,0,0,0,0,0,0,0,0,0,0,0,0,0,0,0,0,0,0,0,0,0,0,0,0,0,0,0,0,0,0,0,0,0,0,0,0,0,3,0,0,0,3,0,3,0,0,2,0,0,4,0,8,5,0,0,16,0,9,12,7,15,6,29,43,17,27,64,25,61,41,43,78,63,57,76,105,104,65,67,40,50,49,56,30,57,33,25,38
Austria,AUT,Europe,Western Europe,,.,.,.,Europe,https://www.countryflags.io/at/flat/64.png,0,0,0,0,0,0,0,0,0,0,0,0,0,0,0,0,0,0,0,0,0,0,0,0,0,0,0,0,0,0,0,0,0,2,0,1,0,6,5,4,3,8,12,14,24,25,27,51,64,56,202,151,205,158,314,314,367,375,426,768,892,809,305,1321,748,614,517,830,562,531,418,395,257,270,246,342,303,302,311,251,139,96,185,110,140,119,76,78,46
Australia,AUS,Oceania,Australia and New Zealand,,.,.,.,Oceania,https://www.countryflags.io/au/flat/64.png,0,0,0,4,1,0,1,3,0,3,0,0,1,0,1,1,0,0,0,0,0,0,0,0,0,0,0,0,0,0,0,0,0,0,0,0,0,10,2,3,9,13,3,5,3,13,15,16,21,0,72,50,47,80,75,116,113,110,280,478,133,362,320,446,333,497,344,377,198,303,254,214,220,137,110,98,115,98,107,88,12,36,64,25,22,60,25,0,0
Aruba,ABW,Americas,Latin America and the Caribbean,Caribbean,1,.,.,Americas,https://www.countryflags.io/aw/flat/64.png,0,0,0,0,0,0,0,0,0,0,0,0,0,0,0,0,0,0,0,0,0,0,0,0,0,0,0,0,0,0,0,0,0,0,0,0,0,0,0,0,0,0,0,0,0,0,0,0,0,0,2,0,0,0,1,1,0,1,0,4,0,3,5,11,5,13,4,0,5,0,5,2,2,0,7,3,3,5,4,6,0,0,0,1,2,1,0,1,0
Armenia,ARM,Asia,Western Asia,,.,.,.,Asia,https://www.countryflags.io/am/flat/64.png,0,0,0,0,0,0,0,0,0,0,0,0,0,0,0,0,0,0,0,0,0,0,0,0,0,0,0,0,0,0,0,0,0,0,0,0,0,0,1,0,0,0,0,0,0,0,0,0,0,3,4,10,8,26,26,6,31,21,24,34,41,14,16,25,39,78,17,58,50,39,92,73,34,52,11,20,28,40,16,30,46,26,28,44,48,42,47,43,48
Argentina,ARG,Americas,Latin America and the Caribbean,South America,1,1,1,Americas,https://www.countryflags.io/ar/flat/64.png,0,0,0,0,0,0,0,0,0,0,0,0,0,0,0,0,0,0,0,0,0,0,0,0,0,0,0,0,0,0,0,0,0,0,0,0,0,0,0,0,1,0,0,1,6,4,0,5,2,0,12,3,11,11,12,11,18,31,30,108,35,86,0,115,87,101,55,75,234,0,79,132,186,0,103,74,87,80,180,0,167,66,69,166,128,98,89,81,102
Antigua and Barbuda,ATG,Americas,Latin America and the Caribbean,Caribbean,1,.,.,Americas,https://www.countryflags.io/ag/flat/64.png,0,0,0,0,0,0,0,0,0,0,0,0,0,0,0,0,0,0,0,0,0,0,0,0,0,0,0,0,0,0,0,0,0,0,0,0,0,0,0,0,0,0,0,0,0,0,0,0,0,0,1,0,0,0,0,0,0,0,0,0,2,0,0,4,0,0,0,0,0,0,2,6,0,0,0,4,0,0,0,2,0,2,0,0,0,0,0,0,0
Anguilla,AIA,Americas,Latin America and the Caribbean,Caribbean,1,.,.,,,0,0,0,0,0,0,0,0,0,0,0,0,0,0,0,0,0,0,0,0,0,0,0,0,0,0,0,0,0,0,0,0,0,0,0,0,0,0,0,0,0,0,0,0,0,0,0,0,0,0,0,0,0,0,0,0,0,0,0,0,0,0,0,0,0,2,0,0,0,0,1,0,0,0,0,0,0,0,0,0,0,0,0,0,0,0,0,0,0
Angola,AGO,Africa,Sub-Saharan Africa,Middle Africa,.,.,.,Africa,https://www.countryflags.io/ao/flat/64.png,0,0,0,0,0,0,0,0,0,0,0,0,0,0,0,0,0,0,0,0,0,0,0,0,0,0,0,0,0,0,0,0,0,0,0,0,0,0,0,0,0,0,0,0,0,0,0,0,0,0,0,0,0,0,0,0,0,1,1,0,1,0,0,1,0,1,2,0,0,1,0,0,2,4,2,1,2,0,0,0,0,0,0,0,0,0,5,0,0
Andorra,AND,Europe,Southern Europe,,.,.,.,Europe,https://www.countryflags.io/ad/flat/64.png,0,0,0,0,0,0,0,0,0,0,0,0,0,0,0,0,0,0,0,0,0,0,0,0,0,0,0,0,0,0,0,0,0,0,0,0,0,0,0,1,0,0,0,0,0,0,0,0,0,0,0,0,0,1,37,0,14,22,13,25,20,31,24,36,43,41,26,36,6,14,38,11,27,35,24,20,19,19,18,0,37,8,13,14,0,23,8,9,4
Algeria,DZA,Africa,Northern Africa,,.,.,.,Africa,https://www.countryflags.io/dz/flat/64.png,0,0,0,0,0,0,0,0,0,0,0,0,0,0,0,0,0,0,0,0,0,0,0,0,0,0,0,0,0,0,0,0,0,1,0,0,0,0,0,2,2,7,0,5,0,2,1,0,0,4,2,11,11,6,6,14,13,3,49,62,29,34,38,65,42,45,57,73,132,131,139,185,80,69,103,45,104,94,95,64,89,69,87,90,108,150,116,95,89
Albania,ALB,Europe,Southern Europe,,.,.,.,Europe,https://www.countryflags.io/al/flat/64.png,0,0,0,0,0,0,0,0,0,0,0,0,0,0,0,0,0,0,0,0,0,0,0,0,0,0,0,0,0,0,0,0,0,0,0,0,0,0,0,0,0,0,0,0,0,0,2,8,2,11,10,5,4,9,4,4,5,6,6,13,15,19,23,28,12,11,15,11,20,16,18,27,29,28,16,6,17,9,7,17,13,21,8,19,24,21,9,14,22
Afghanistan,AFG,Asia,Southern Asia,,.,.,.,Asia,https://www.countryflags.io/af/flat/64.png,0,0,0,0,0,0,0,0,0,0,0,0,0,0,0,0,0,0,0,0,0,0,0,0,0,0,0,0,0,0,0,0,1,0,0,0,0,0,0,0,0,0,0,0,0,3,0,1,2,0,0,4,5,5,1,0,0,2,0,16,0,34,10,10,16,0,10,50,4,63,36,8,18,50,18,56,21,40,37,34,52,58,49,70,56,66,27,63,30
