Country,ISO3,region,subregion,intermediateregion,lac,lac_main,idb,region_map,image,1/23/2020,1/24/2020,1/25/2020,1/26/2020,1/27/2020,1/28/2020,1/29/2020,1/30/2020,1/31/2020,2/1/2020,2/2/2020,2/3/2020,2/4/2020,2/5/2020,2/6/2020,2/7/2020,2/8/2020,2/9/2020,2/10/2020,2/11/2020,2/12/2020,2/13/2020,2/14/2020,2/15/2020,2/16/2020,2/17/2020,2/18/2020,2/19/2020,2/20/2020,2/21/2020,2/22/2020,2/23/2020,2/24/2020,2/25/2020,2/26/2020,2/27/2020,2/28/2020,2/29/2020,3/1/2020,3/2/2020,3/3/2020,3/4/2020,3/5/2020,3/6/2020,3/7/2020,3/8/2020,3/9/2020,3/10/2020,3/11/2020,3/12/2020,3/13/2020,3/14/2020,3/15/2020,3/16/2020,3/17/2020,3/18/2020,3/19/2020,3/20/2020,3/21/2020,3/22/2020,3/23/2020,3/24/2020,3/25/2020,3/26/2020,3/27/2020,3/28/2020,3/29/2020,3/30/2020,3/31/2020,4/1/2020,4/2/2020,4/3/2020,4/4/2020,4/5/2020,4/6/2020,4/7/2020,4/8/2020,4/9/2020,4/10/2020,4/11/2020,4/12/2020,4/13/2020,4/14/2020,4/15/2020,4/16/2020
Zimbabwe,ZWE,Africa,Sub-Saharan Africa,Eastern Africa,.,.,.,Africa,https://www.countryflags.io/zw/flat/64.png,0,0,0,0,0,0,0,0,0,0,0,0,0,0,0,0,0,0,0,0,0,0,0,0,0,0,0,0,0,0,0,0,0,0,0,0,0,0,0,0,0,0,0,0,0,0,0,0,0,0,0,0,0,0,0,0,0,0,0,0,1,0,0,0,0,0,0,0,0,0,0,0,0,0,0,1,1,0,0,0,0,0,0,0,0
Zambia,ZMB,Africa,Sub-Saharan Africa,Eastern Africa,.,.,.,Africa,https://www.countryflags.io/zm/flat/64.png,0,0,0,0,0,0,0,0,0,0,0,0,0,0,0,0,0,0,0,0,0,0,0,0,0,0,0,0,0,0,0,0,0,0,0,0,0,0,0,0,0,0,0,0,0,0,0,0,0,0,0,0,0,0,0,0,0,0,0,0,0,0,0,0,0,0,0,0,0,0,1,0,0,0,0,0,0,0,1,0,0,0,0,0,0
Yemen,YEM,Asia,Western Asia,,.,.,.,,,0,0,0,0,0,0,0,0,0,0,0,0,0,0,0,0,0,0,0,0,0,0,0,0,0,0,0,0,0,0,0,0,0,0,0,0,0,0,0,0,0,0,0,0,0,0,0,0,0,0,0,0,0,0,0,0,0,0,0,0,0,0,0,0,0,0,0,0,0,0,0,0,0,0,0,0,0,0,0,0,0,0,0,0,0
Western Sahara,ESH,Africa,Northern Africa,,.,.,.,,,0,0,0,0,0,0,0,0,0,0,0,0,0,0,0,0,0,0,0,0,0,0,0,0,0,0,0,0,0,0,0,0,0,0,0,0,0,0,0,0,0,0,0,0,0,0,0,0,0,0,0,0,0,0,0,0,0,0,0,0,0,0,0,0,0,0,0,0,0,0,0,0,0,0,0,0,0,0,0,0,0,0,0,0,0
West Bank and Gaza,PSE,Asia,,,.,.,.,Asia,https://www.countryflags.io/ps/flat/64.png,0,0,0,0,0,0,0,0,0,0,0,0,0,0,0,0,0,0,0,0,0,0,0,0,0,0,0,0,0,0,0,0,0,0,0,0,0,0,0,0,0,0,0,0,0,0,0,0,0,0,0,0,0,0,0,0,0,0,0,0,0,0,0,1,0,0,0,0,0,0,0,0,0,0,0,0,0,0,1,0,0,0,0,0,0
Vietnam,VNM,Asia,South-eastern Asia,,.,.,.,Asia,https://www.countryflags.io/vn/flat/64.png,0,0,0,0,0,0,0,0,0,0,0,0,0,0,0,0,0,0,0,0,0,0,0,0,0,0,0,0,0,0,0,0,0,0,0,0,0,0,0,0,0,0,0,0,0,0,0,0,0,0,0,0,0,0,0,0,0,0,0,0,0,0,0,0,0,0,0,0,0,0,0,0,0,0,0,0,0,0,0,0,0,0,0,0,0
Venezuela,VEN,Americas,Latin America and the Caribbean,South America,1,1,1,Americas,https://www.countryflags.io/ve/flat/64.png,0,0,0,0,0,0,0,0,0,0,0,0,0,0,0,0,0,0,0,0,0,0,0,0,0,0,0,0,0,0,0,0,0,0,0,0,0,0,0,0,0,0,0,0,0,0,0,0,0,0,0,0,0,0,0,0,0,0,0,0,0,0,0,0,1,1,0,1,0,0,2,2,0,0,0,0,2,0,0,0,0,0,0,0,0
Uzbekistan,UZB,Asia,Central Asia,,.,.,.,Asia,https://www.countryflags.io/uz/flat/64.png,0,0,0,0,0,0,0,0,0,0,0,0,0,0,0,0,0,0,0,0,0,0,0,0,0,0,0,0,0,0,0,0,0,0,0,0,0,0,0,0,0,0,0,0,0,0,0,0,0,0,0,0,0,0,0,0,0,0,0,0,0,0,0,0,1,1,0,0,0,0,0,0,0,0,0,0,1,0,0,1,0,0,0,0,0
Uruguay,URY,Americas,Latin America and the Caribbean,South America,1,1,1,Americas,https://www.countryflags.io/uy/flat/64.png,0,0,0,0,0,0,0,0,0,0,0,0,0,0,0,0,0,0,0,0,0,0,0,0,0,0,0,0,0,0,0,0,0,0,0,0,0,0,0,0,0,0,0,0,0,0,0,0,0,0,0,0,0,0,0,0,0,0,0,0,0,0,0,0,0,0,1,0,0,1,2,0,1,0,1,1,0,0,0,0,0,1,0,0,1
United States,USA,Americas,Northern America,,.,.,.,Americas,https://www.countryflags.io/us/flat/64.png,0,0,0,0,0,0,0,0,0,0,0,0,0,0,0,0,0,0,0,0,0,0,0,0,0,0,0,0,0,0,0,0,0,0,0,0,0,1,0,5,1,4,1,2,3,4,1,6,8,4,7,7,9,22,23,10,82,44,63,110,140,149,236,267,372,445,441,511,895,884,1169,1161,1320,1212,1164,1939,1973,1783,2108,1876,1557,1509,2303,2494,4591
United Kingdom,GBR,Europe,Northern Europe,,.,.,.,Europe,https://www.countryflags.io/gb/flat/64.png,0,0,0,0,0,0,0,0,0,0,0,0,0,0,0,0,0,0,0,0,0,0,0,0,0,0,0,0,0,0,0,0,0,0,0,0,0,0,0,0,0,0,1,1,0,1,1,2,2,0,0,13,0,34,0,16,66,40,56,48,54,87,43,113,181,260,209,180,381,563,569,684,708,621,439,786,938,881,980,917,737,717,778,761,861
United Arab Emirates,ARE,Asia,Western Asia,,.,.,.,Asia,https://www.countryflags.io/ae/flat/64.png,0,0,0,0,0,0,0,0,0,0,0,0,0,0,0,0,0,0,0,0,0,0,0,0,0,0,0,0,0,0,0,0,0,0,0,0,0,0,0,0,0,0,0,0,0,0,0,0,0,0,0,0,0,0,0,0,0,2,0,0,0,0,0,0,0,0,1,2,1,2,0,1,1,0,1,1,0,2,2,4,2,3,3,5,2
Ukraine,UKR,Europe,Eastern Europe,,.,.,.,Europe,https://www.countryflags.io/ua/flat/64.png,0,0,0,0,0,0,0,0,0,0,0,0,0,0,0,0,0,0,0,0,0,0,0,0,0,0,0,0,0,0,0,0,0,0,0,0,0,0,0,0,0,0,0,0,0,0,0,0,0,0,1,0,0,0,1,0,0,1,0,0,0,0,2,0,0,4,1,3,4,3,2,5,5,5,1,7,7,5,12,4,10,10,5,10,8
Uganda,UGA,Africa,Sub-Saharan Africa,Eastern Africa,.,.,.,Africa,https://www.countryflags.io/ug/flat/64.png,0,0,0,0,0,0,0,0,0,0,0,0,0,0,0,0,0,0,0,0,0,0,0,0,0,0,0,0,0,0,0,0,0,0,0,0,0,0,0,0,0,0,0,0,0,0,0,0,0,0,0,0,0,0,0,0,0,0,0,0,0,0,0,0,0,0,0,0,0,0,0,0,0,0,0,0,0,0,0,0,0,0,0,0,0
Turks and Caicos Islands,TCA,Americas,Latin America and the Caribbean,Caribbean,1,.,.,Americas,https://www.countryflags.io/tc/flat/64.png,0,0,0,0,0,0,0,0,0,0,0,0,0,0,0,0,0,0,0,0,0,0,0,0,0,0,0,0,0,0,0,0,0,0,0,0,0,0,0,0,0,0,0,0,0,0,0,0,0,0,0,0,0,0,0,0,0,0,0,0,0,0,0,0,0,0,0,0,0,0,0,0,0,1,0,0,0,0,0,0,0,0,0,0,0
Turkey,TUR,Asia,Western Asia,,.,.,.,Asia,https://www.countryflags.io/tr/flat/64.png,0,0,0,0,0,0,0,0,0,0,0,0,0,0,0,0,0,0,0,0,0,0,0,0,0,0,0,0,0,0,0,0,0,0,0,0,0,0,0,0,0,0,0,0,0,0,0,0,0,0,0,0,0,0,1,0,2,1,5,21,7,7,15,16,17,16,23,37,46,63,79,69,76,73,75,76,87,96,98,95,97,98,107,115,125
Tunisia,TUN,Africa,Northern Africa,,.,.,.,Africa,https://www.countryflags.io/tn/flat/64.png,0,0,0,0,0,0,0,0,0,0,0,0,0,0,0,0,0,0,0,0,0,0,0,0,0,0,0,0,0,0,0,0,0,0,0,0,0,0,0,0,0,0,0,0,0,0,0,0,0,0,0,0,0,0,0,0,1,0,0,2,0,1,1,1,0,2,0,0,2,2,2,4,0,4,0,1,1,1,0,3,3,3,0,1,2
Trinidad and Tobago,TTO,Americas,Latin America and the Caribbean,Caribbean,1,3,1,Americas,https://www.countryflags.io/tt/flat/64.png,0,0,0,0,0,0,0,0,0,0,0,0,0,0,0,0,0,0,0,0,0,0,0,0,0,0,0,0,0,0,0,0,0,0,0,0,0,0,0,0,0,0,0,0,0,0,0,0,0,0,0,0,0,0,0,0,0,0,0,0,0,0,1,0,1,1,0,0,0,2,0,1,0,1,1,0,0,0,0,0,0,0,0,0,0
Togo,TGO,Africa,Sub-Saharan Africa,Western Africa,.,.,.,Africa,https://www.countryflags.io/tg/flat/64.png,0,0,0,0,0,0,0,0,0,0,0,0,0,0,0,0,0,0,0,0,0,0,0,0,0,0,0,0,0,0,0,0,0,0,0,0,0,0,0,0,0,0,0,0,0,0,0,0,0,0,0,0,0,0,0,0,0,0,0,0,0,0,0,0,1,0,0,0,0,1,0,1,0,0,0,0,0,0,0,0,0,0,0,0,2
Timor-Leste,TLS,Asia,South-eastern Asia,,.,.,.,Asia,https://www.countryflags.io/tl/flat/64.png,0,0,0,0,0,0,0,0,0,0,0,0,0,0,0,0,0,0,0,0,0,0,0,0,0,0,0,0,0,0,0,0,0,0,0,0,0,0,0,0,0,0,0,0,0,0,0,0,0,0,0,0,0,0,0,0,0,0,0,0,0,0,0,0,0,0,0,0,0,0,0,0,0,0,0,0,0,0,0,0,0,0,0,0,0
Thailand,THA,Asia,South-eastern Asia,,.,.,.,Asia,https://www.countryflags.io/th/flat/64.png,0,0,0,0,0,0,0,0,0,0,0,0,0,0,0,0,0,0,0,0,0,0,0,0,0,0,0,0,0,0,0,0,0,0,0,0,0,0,1,0,0,0,0,0,0,0,0,0,0,0,0,0,0,0,0,0,0,0,0,0,0,3,0,0,1,1,1,2,1,2,3,4,1,3,3,1,3,2,1,2,3,2,1,2,3
Tanzania,TZA,Africa,Sub-Saharan Africa,Eastern Africa,.,.,.,Africa,https://www.countryflags.io/tz/flat/64.png,0,0,0,0,0,0,0,0,0,0,0,0,0,0,0,0,0,0,0,0,0,0,0,0,0,0,0,0,0,0,0,0,0,0,0,0,0,0,0,0,0,0,0,0,0,0,0,0,0,0,0,0,0,0,0,0,0,0,0,0,0,0,0,0,0,0,0,0,1,0,0,0,0,0,0,0,0,0,2,0,0,0,0,1,0
Taiwan,TWN,Asia,Eastern Asia,,.,.,.,,,0,0,0,0,0,0,0,0,0,0,0,0,0,0,0,0,0,0,0,0,0,0,0,0,1,0,0,0,0,0,0,0,0,0,0,0,0,0,0,0,0,0,0,0,0,0,0,0,0,0,0,0,0,0,0,0,0,1,0,0,0,0,0,0,0,0,0,3,0,0,0,0,0,0,0,0,0,0,1,0,0,0,0,0,0
Syria,SYR,Asia,Western Asia,,.,.,.,Asia,https://www.countryflags.io/sy/flat/64.png,0,0,0,0,0,0,0,0,0,0,0,0,0,0,0,0,0,0,0,0,0,0,0,0,0,0,0,0,0,0,0,0,0,0,0,0,0,0,0,0,0,0,0,0,0,0,0,0,0,0,0,0,0,0,0,0,0,0,0,0,0,0,0,0,0,0,1,1,0,0,0,0,0,0,0,0,0,0,0,0,0,0,0,0,0
Switzerland,CHE,Europe,Western Europe,,.,.,.,Europe,https://www.countryflags.io/ch/flat/64.png,0,0,0,0,0,0,0,0,0,0,0,0,0,0,0,0,0,0,0,0,0,0,0,0,0,0,0,0,0,0,0,0,0,0,0,0,0,0,0,0,0,0,1,0,0,1,0,1,1,0,7,2,1,0,13,1,13,13,21,23,22,2,31,38,40,33,36,59,74,55,48,55,75,49,50,56,74,53,54,34,70,32,36,65,42
Sweden,SWE,Europe,Northern Europe,,.,.,.,Europe,https://www.countryflags.io/se/flat/64.png,0,0,0,0,0,0,0,0,0,0,0,0,0,0,0,0,0,0,0,0,0,0,0,0,0,0,0,0,0,0,0,0,0,0,0,0,0,0,0,0,0,0,0,0,0,0,0,0,1,0,0,1,1,3,1,3,1,5,4,1,4,11,26,15,28,0,5,36,34,59,69,50,15,28,76,114,96,106,77,17,12,20,114,170,130
Suriname,SUR,Americas,Latin America and the Caribbean,South America,1,1,1,Americas,https://www.countryflags.io/sr/flat/64.png,0,0,0,0,0,0,0,0,0,0,0,0,0,0,0,0,0,0,0,0,0,0,0,0,0,0,0,0,0,0,0,0,0,0,0,0,0,0,0,0,0,0,0,0,0,0,0,0,0,0,0,0,0,0,0,0,0,0,0,0,0,0,0,0,0,0,0,0,0,0,0,1,0,0,0,0,0,0,0,0,0,0,0,0,0
Sudan,SDN,Africa,Northern Africa,,.,.,.,Africa,https://www.countryflags.io/sd/flat/64.png,0,0,0,0,0,0,0,0,0,0,0,0,0,0,0,0,0,0,0,0,0,0,0,0,0,0,0,0,0,0,0,0,0,0,0,0,0,0,0,0,0,0,0,0,0,0,0,0,0,0,1,0,0,0,0,0,0,0,0,0,0,0,0,0,0,0,0,1,0,0,0,0,0,0,0,0,0,0,0,0,0,2,1,0,0
St Martin,MAF,Americas,Latin America and the Caribbean,Caribbean,1,.,.,Americas,https://www.countryflags.io/mf/flat/64.png,0,0,0,0,0,0,0,0,0,0,0,0,0,0,0,0,0,0,0,0,0,0,0,0,0,0,0,0,0,0,0,0,0,0,0,0,0,0,0,0,0,0,0,0,0,0,0,0,0,0,0,0,0,0,0,0,0,0,0,0,0,0,0,0,0,0,0,1,0,0,0,0,1,0,0,0,0,0,0,0,0,0,0,0,0
Sri Lanka,LKA,Asia,Southern Asia,,.,.,.,Asia,https://www.countryflags.io/lk/flat/64.png,0,0,0,0,0,0,0,0,0,0,0,0,0,0,0,0,0,0,0,0,0,0,0,0,0,0,0,0,0,0,0,0,0,0,0,0,0,0,0,0,0,0,0,0,0,0,0,0,0,0,0,0,0,0,0,0,0,0,0,0,0,0,0,0,0,1,0,1,0,1,1,0,1,0,0,1,1,0,0,0,0,0,0,0,0
Spain,ESP,Europe,Southern Europe,,.,.,.,Europe,https://www.countryflags.io/es/flat/64.png,0,0,0,0,0,0,0,0,0,0,0,0,0,0,0,0,0,0,0,0,0,0,0,0,0,0,0,0,0,0,0,0,0,0,0,0,0,0,0,0,1,1,1,2,5,7,11,7,19,1,78,62,94,53,191,90,207,213,332,397,539,497,839,718,773,844,821,913,748,923,961,850,749,694,700,704,747,655,634,525,603,547,300,652,607
South Sudan,SSD,Africa,Sub-Saharan Africa,Eastern Africa,.,.,.,Africa,https://www.countryflags.io/ss/flat/64.png,0,0,0,0,0,0,0,0,0,0,0,0,0,0,0,0,0,0,0,0,0,0,0,0,0,0,0,0,0,0,0,0,0,0,0,0,0,0,0,0,0,0,0,0,0,0,0,0,0,0,0,0,0,0,0,0,0,0,0,0,0,0,0,0,0,0,0,0,0,0,0,0,0,0,0,0,0,0,0,0,0,0,0,0,0
South Africa,ZAF,Africa,Sub-Saharan Africa,Southern Africa,.,.,.,Africa,https://www.countryflags.io/za/flat/64.png,0,0,0,0,0,0,0,0,0,0,0,0,0,0,0,0,0,0,0,0,0,0,0,0,0,0,0,0,0,0,0,0,0,0,0,0,0,0,0,0,0,0,0,0,0,0,0,0,0,0,0,0,0,0,0,0,0,0,0,0,0,0,0,0,1,0,1,1,2,0,0,4,0,2,1,1,5,0,6,1,0,2,0,7,14
Somalia,SOM,Africa,Sub-Saharan Africa,Eastern Africa,.,.,.,Africa,https://www.countryflags.io/so/flat/64.png,0,0,0,0,0,0,0,0,0,0,0,0,0,0,0,0,0,0,0,0,0,0,0,0,0,0,0,0,0,0,0,0,0,0,0,0,0,0,0,0,0,0,0,0,0,0,0,0,0,0,0,0,0,0,0,0,0,0,0,0,0,0,0,0,0,0,0,0,0,0,0,0,0,0,0,0,1,0,0,0,0,1,0,3,0
Slovenia,SVN,Europe,Southern Europe,,.,.,.,Europe,https://www.countryflags.io/si/flat/64.png,0,0,0,0,0,0,0,0,0,0,0,0,0,0,0,0,0,0,0,0,0,0,0,0,0,0,0,0,0,0,0,0,0,0,0,0,0,0,0,0,0,0,0,0,0,0,0,0,0,0,0,1,0,0,0,0,0,0,0,1,1,1,1,1,3,0,2,0,4,0,2,3,2,6,2,6,4,3,2,5,3,2,1,5,0
Slovakia,SVK,Europe,Eastern Europe,,.,.,.,Europe,https://www.countryflags.io/sk/flat/64.png,0,0,0,0,0,0,0,0,0,0,0,0,0,0,0,0,0,0,0,0,0,0,0,0,0,0,0,0,0,0,0,0,0,0,0,0,0,0,0,0,0,0,0,0,0,0,0,0,0,0,0,0,0,0,0,1,0,0,0,-1,0,0,0,0,0,0,0,0,0,1,0,0,0,0,1,0,0,0,0,0,0,0,0,4,2
Sint Maarten,SXM,Americas,Latin America and the Caribbean,Caribbean,1,.,.,Americas,https://www.countryflags.io/sx/flat/64.png,0,0,0,0,0,0,0,0,0,0,0,0,0,0,0,0,0,0,0,0,0,0,0,0,0,0,0,0,0,0,0,0,0,0,0,0,0,0,0,0,0,0,0,0,0,0,0,0,0,0,0,0,0,0,0,0,0,0,0,0,0,0,0,0,0,0,0,0,0,1,0,1,2,0,2,0,0,0,2,1,0,0,0,0,0
Singapore,SGP,Asia,South-eastern Asia,,.,.,.,Asia,https://www.countryflags.io/sg/flat/64.png,0,0,0,0,0,0,0,0,0,0,0,0,0,0,0,0,0,0,0,0,0,0,0,0,0,0,0,0,0,0,0,0,0,0,0,0,0,0,0,0,0,0,0,0,0,0,0,0,0,0,0,0,0,0,0,0,0,0,2,0,0,0,0,0,0,0,1,0,0,0,1,1,1,0,0,0,0,0,1,1,0,1,1,0,0
Sierra Leone,SLE,Africa,Sub-Saharan Africa,Western Africa,.,.,.,Africa,https://www.countryflags.io/sl/flat/64.png,0,0,0,0,0,0,0,0,0,0,0,0,0,0,0,0,0,0,0,0,0,0,0,0,0,0,0,0,0,0,0,0,0,0,0,0,0,0,0,0,0,0,0,0,0,0,0,0,0,0,0,0,0,0,0,0,0,0,0,0,0,0,0,0,0,0,0,0,0,0,0,0,0,0,0,0,0,0,0,0,0,0,0,0,0
Seychelles,SYC,Africa,Sub-Saharan Africa,Eastern Africa,.,.,.,Africa,https://www.countryflags.io/sc/flat/64.png,0,0,0,0,0,0,0,0,0,0,0,0,0,0,0,0,0,0,0,0,0,0,0,0,0,0,0,0,0,0,0,0,0,0,0,0,0,0,0,0,0,0,0,0,0,0,0,0,0,0,0,0,0,0,0,0,0,0,0,0,0,0,0,0,0,0,0,0,0,0,0,0,0,0,0,0,0,0,0,0,0,0,0,0,0
Serbia,SRB,Europe,Southern Europe,,.,.,.,Europe,https://www.countryflags.io/rs/flat/64.png,0,0,0,0,0,0,0,0,0,0,0,0,0,0,0,0,0,0,0,0,0,0,0,0,0,0,0,0,0,0,0,0,0,0,0,0,0,0,0,0,0,0,0,0,0,0,0,0,0,0,0,0,0,0,0,0,0,1,0,1,1,0,1,-3,0,9,3,3,0,12,3,8,5,7,7,3,4,1,5,3,6,5,9,5,4
Senegal,SEN,Africa,Sub-Saharan Africa,Western Africa,.,.,.,Africa,https://www.countryflags.io/sn/flat/64.png,0,0,0,0,0,0,0,0,0,0,0,0,0,0,0,0,0,0,0,0,0,0,0,0,0,0,0,0,0,0,0,0,0,0,0,0,0,0,0,0,0,0,0,0,0,0,0,0,0,0,0,0,0,0,0,0,0,0,0,0,0,0,0,0,0,0,0,0,0,1,0,0,1,0,0,0,0,0,0,0,0,0,0,0,0
Saudi Arabia,SAU,Asia,Western Asia,,.,.,.,Asia,https://www.countryflags.io/sa/flat/64.png,0,0,0,0,0,0,0,0,0,0,0,0,0,0,0,0,0,0,0,0,0,0,0,0,0,0,0,0,0,0,0,0,0,0,0,0,0,0,0,0,0,0,0,0,0,0,0,0,0,0,0,0,0,0,0,0,0,0,0,0,0,1,1,1,0,1,4,0,2,6,5,4,4,5,4,3,0,3,3,5,7,6,8,6,4
Sao Tome and Principe,STP,Africa,Sub-Saharan Africa,Middle Africa,.,.,.,Africa,https://www.countryflags.io/st/flat/64.png,0,0,0,0,0,0,0,0,0,0,0,0,0,0,0,0,0,0,0,0,0,0,0,0,0,0,0,0,0,0,0,0,0,0,0,0,0,0,0,0,0,0,0,0,0,0,0,0,0,0,0,0,0,0,0,0,0,0,0,0,0,0,0,0,0,0,0,0,0,0,0,0,0,0,0,0,0,0,0,0,0,0,0,0,0
San Marino,SMR,Europe,Southern Europe,,.,.,.,Europe,https://www.countryflags.io/sm/flat/64.png,0,0,0,0,0,0,0,0,0,0,0,0,0,0,0,0,0,0,0,0,0,0,0,0,0,0,0,0,0,0,0,0,0,0,0,0,0,0,0,0,1,0,0,0,0,0,0,1,0,1,2,0,0,2,0,4,0,3,6,0,0,1,0,0,0,1,0,3,1,0,4,0,2,0,0,2,0,0,0,1,0,0,1,0,2
Saint Vincent and the Grenadines,VCT,Americas,Latin America and the Caribbean,Caribbean,1,.,.,Americas,https://www.countryflags.io/vc/flat/64.png,0,0,0,0,0,0,0,0,0,0,0,0,0,0,0,0,0,0,0,0,0,0,0,0,0,0,0,0,0,0,0,0,0,0,0,0,0,0,0,0,0,0,0,0,0,0,0,0,0,0,0,0,0,0,0,0,0,0,0,0,0,0,0,0,0,0,0,0,0,0,0,0,0,0,0,0,0,0,0,0,0,0,0,0,0
Saint Pierre and Miquelon,SPM,Americas,Northern America,,.,.,.,,,0,0,0,0,0,0,0,0,0,0,0,0,0,0,0,0,0,0,0,0,0,0,0,0,0,0,0,0,0,0,0,0,0,0,0,0,0,0,0,0,0,0,0,0,0,0,0,0,0,0,0,0,0,0,0,0,0,0,0,0,0,0,0,0,0,0,0,0,0,0,0,0,0,0,0,0,0,0,0,0,0,0,0,0,0
Saint Lucia,LCA,Americas,Latin America and the Caribbean,Caribbean,1,.,.,,,0,0,0,0,0,0,0,0,0,0,0,0,0,0,0,0,0,0,0,0,0,0,0,0,0,0,0,0,0,0,0,0,0,0,0,0,0,0,0,0,0,0,0,0,0,0,0,0,0,0,0,0,0,0,0,0,0,0,0,0,0,0,0,0,0,0,0,0,0,0,0,0,0,0,0,0,0,0,0,0,0,0,0,0,0
Saint Kitts and Nevis,KNA,Americas,Latin America and the Caribbean,Caribbean,1,.,.,,,0,0,0,0,0,0,0,0,0,0,0,0,0,0,0,0,0,0,0,0,0,0,0,0,0,0,0,0,0,0,0,0,0,0,0,0,0,0,0,0,0,0,0,0,0,0,0,0,0,0,0,0,0,0,0,0,0,0,0,0,0,0,0,0,0,0,0,0,0,0,0,0,0,0,0,0,0,0,0,0,0,0,0,0,0
Saint Barthelemy,BLM,Americas,Latin America and the Caribbean,Caribbean,1,.,.,,,0,0,0,0,0,0,0,0,0,0,0,0,0,0,0,0,0,0,0,0,0,0,0,0,0,0,0,0,0,0,0,0,0,0,0,0,0,0,0,0,0,0,0,0,0,0,0,0,0,0,0,0,0,0,0,0,0,0,0,0,0,0,0,0,0,0,0,0,0,0,0,0,0,0,0,0,0,0,0,0,0,0,0,0,0
Rwanda,RWA,Africa,Sub-Saharan Africa,Eastern Africa,.,.,.,Africa,https://www.countryflags.io/rw/flat/64.png,0,0,0,0,0,0,0,0,0,0,0,0,0,0,0,0,0,0,0,0,0,0,0,0,0,0,0,0,0,0,0,0,0,0,0,0,0,0,0,0,0,0,0,0,0,0,0,0,0,0,0,0,0,0,0,0,0,0,0,0,0,0,0,0,0,0,0,0,0,0,0,0,0,0,0,0,0,0,0,0,0,0,0,0,0
Russia,RUS,Europe,Eastern Europe,,.,.,.,Europe,https://www.countryflags.io/ru/flat/64.png,0,0,0,0,0,0,0,0,0,0,0,0,0,0,0,0,0,0,0,0,0,0,0,0,0,0,0,0,0,0,0,0,0,0,0,0,0,0,0,0,0,0,0,0,0,0,0,0,0,0,0,0,0,0,0,0,1,0,0,0,0,0,2,0,1,0,4,1,8,7,6,4,9,2,2,11,5,13,18,12,24,18,22,28,34
Romania,ROU,Europe,Eastern Europe,,.,.,.,Europe,https://www.countryflags.io/ro/flat/64.png,0,0,0,0,0,0,0,0,0,0,0,0,0,0,0,0,0,0,0,0,0,0,0,0,0,0,0,0,0,0,0,0,0,0,0,0,0,0,0,0,0,0,0,0,0,0,0,0,0,0,0,0,0,0,0,0,0,0,0,3,4,4,6,6,3,11,6,22,17,10,23,18,13,5,25,21,23,28,22,21,25,15,20,21,20
Reunion,REU,Africa,Sub-Saharan Africa,Eastern Africa,.,.,.,,,0,0,0,0,0,0,0,0,0,0,0,0,0,0,0,0,0,0,0,0,0,0,0,0,0,0,0,0,0,0,0,0,0,0,0,0,0,0,0,0,0,0,0,0,0,0,0,0,0,0,0,0,0,0,0,0,0,0,0,0,0,0,0,0,0,0,0,0,0,0,0,0,0,0,0,0,0,0,0,0,0,0,0,0,0
Qatar,QAT,Asia,Western Asia,,.,.,.,Asia,https://www.countryflags.io/qa/flat/64.png,0,0,0,0,0,0,0,0,0,0,0,0,0,0,0,0,0,0,0,0,0,0,0,0,0,0,0,0,0,0,0,0,0,0,0,0,0,0,0,0,0,0,0,0,0,0,0,0,0,0,0,0,0,0,0,0,0,0,0,0,0,0,0,0,0,1,0,0,1,0,1,0,0,1,0,2,0,0,0,0,1,0,0,0,0
Portugal,PRT,Europe,Southern Europe,,.,.,.,Europe,https://www.countryflags.io/pt/flat/64.png,0,0,0,0,0,0,0,0,0,0,0,0,0,0,0,0,0,0,0,0,0,0,0,0,0,0,0,0,0,0,0,0,0,0,0,0,0,0,0,0,0,0,0,0,0,0,0,0,0,0,0,0,0,0,1,1,1,3,6,2,9,10,10,17,16,24,19,21,20,27,22,37,20,29,16,34,35,29,26,35,34,31,32,32,30
Poland,POL,Europe,Eastern Europe,,.,.,.,Europe,https://www.countryflags.io/pl/flat/64.png,0,0,0,0,0,0,0,0,0,0,0,0,0,0,0,0,0,0,0,0,0,0,0,0,0,0,0,0,0,0,0,0,0,0,0,0,0,0,0,0,0,0,0,0,0,0,0,0,0,1,1,1,0,1,1,0,0,0,0,2,1,2,4,2,0,2,4,9,2,10,14,14,8,15,13,22,30,15,7,27,24,13,18,23,28
Philippines,PHL,Asia,South-eastern Asia,,.,.,.,Asia,https://www.countryflags.io/ph/flat/64.png,0,0,0,0,0,0,0,0,0,0,1,0,0,0,0,0,0,0,0,0,0,0,0,0,0,0,0,0,0,0,0,0,0,0,0,0,0,0,0,0,0,0,0,0,0,0,0,0,0,1,3,3,3,1,0,7,-2,1,1,6,8,2,3,7,9,14,3,7,10,8,11,29,8,8,11,14,5,21,18,26,50,18,20,14,13
Peru,PER,Americas,Latin America and the Caribbean,South America,1,1,1,Americas,https://www.countryflags.io/pe/flat/64.png,0,0,0,0,0,0,0,0,0,0,0,0,0,0,0,0,0,0,0,0,0,0,0,0,0,0,0,0,0,0,0,0,0,0,0,0,0,0,0,0,0,0,0,0,0,0,0,0,0,0,0,0,0,0,0,0,0,3,2,0,0,2,2,0,2,5,2,6,6,8,17,6,12,10,9,15,14,17,31,12,12,23,14,24,20
Paraguay,PRY,Americas,Latin America and the Caribbean,South America,1,1,1,Americas,https://www.countryflags.io/py/flat/64.png,0,0,0,0,0,0,0,0,0,0,0,0,0,0,0,0,0,0,0,0,0,0,0,0,0,0,0,0,0,0,0,0,0,0,0,0,0,0,0,0,0,0,0,0,0,0,0,0,0,0,0,0,0,0,0,0,0,0,1,0,0,1,1,0,0,0,0,0,0,0,0,0,0,0,2,0,0,0,1,0,0,0,1,1,0
Papua New Guinea,PNG,Oceania,Melanesia,,.,.,.,Oceania,https://www.countryflags.io/pg/flat/64.png,0,0,0,0,0,0,0,0,0,0,0,0,0,0,0,0,0,0,0,0,0,0,0,0,0,0,0,0,0,0,0,0,0,0,0,0,0,0,0,0,0,0,0,0,0,0,0,0,0,0,0,0,0,0,0,0,0,0,0,0,0,0,0,0,0,0,0,0,0,0,0,0,0,0,0,0,0,0,0,0,0,0,0,0,0
Panama,PAN,Americas,Latin America and the Caribbean,Central America,1,2,1,Americas,https://www.countryflags.io/pa/flat/64.png,0,0,0,0,0,0,0,0,0,0,0,0,0,0,0,0,0,0,0,0,0,0,0,0,0,0,0,0,0,0,0,0,0,0,0,0,0,0,0,0,0,0,0,0,0,0,0,0,1,0,0,0,0,0,0,0,0,0,0,2,3,0,2,0,1,5,3,7,6,0,2,5,4,5,8,1,4,4,3,8,5,8,7,1,8
Pakistan,PAK,Asia,Southern Asia,,.,.,.,Asia,https://www.countryflags.io/pk/flat/64.png,0,0,0,0,0,0,0,0,0,0,0,0,0,0,0,0,0,0,0,0,0,0,0,0,0,0,0,0,0,0,0,0,0,0,0,0,0,0,0,0,0,0,0,0,0,0,0,0,0,0,0,0,0,0,0,0,2,1,0,2,1,1,1,1,2,1,2,7,5,1,7,6,1,6,6,4,4,4,1,20,5,2,3,15,17
Oman,OMN,Asia,Western Asia,,.,.,.,Asia,https://www.countryflags.io/om/flat/64.png,0,0,0,0,0,0,0,0,0,0,0,0,0,0,0,0,0,0,0,0,0,0,0,0,0,0,0,0,0,0,0,0,0,0,0,0,0,0,0,0,0,0,0,0,0,0,0,0,0,0,0,0,0,0,0,0,0,0,0,0,0,0,0,0,0,0,0,0,1,0,0,0,1,0,0,0,0,1,0,0,1,0,0,0,0
Norway,NOR,Europe,Northern Europe,,.,.,.,Europe,https://www.countryflags.io/no/flat/64.png,0,0,0,0,0,0,0,0,0,0,0,0,0,0,0,0,0,0,0,0,0,0,0,0,0,0,0,0,0,0,0,0,0,0,0,0,0,0,0,0,0,0,0,0,0,0,0,0,0,0,0,3,0,0,0,3,1,0,0,0,3,2,2,0,5,4,2,7,7,5,6,9,3,9,5,13,12,7,5,6,9,6,5,11,2
North Macedonia,MKD,Europe,Southern Europe,,.,.,.,,,0,0,0,0,0,0,0,0,0,0,0,0,0,0,0,0,0,0,0,0,0,0,0,0,0,0,0,0,0,0,0,0,0,0,0,0,0,0,0,0,0,0,0,0,0,0,0,0,0,0,0,0,0,0,0,0,0,0,0,1,1,0,1,0,0,1,2,1,2,2,0,1,5,1,5,3,3,1,2,2,0,4,6,1,1
Nigeria,NGA,Africa,Sub-Saharan Africa,Western Africa,.,.,.,Africa,https://www.countryflags.io/ng/flat/64.png,0,0,0,0,0,0,0,0,0,0,0,0,0,0,0,0,0,0,0,0,0,0,0,0,0,0,0,0,0,0,0,0,0,0,0,0,0,0,0,0,0,0,0,0,0,0,0,0,0,0,0,0,0,0,0,0,0,0,0,0,1,0,0,0,0,0,0,1,0,0,0,2,0,1,0,1,0,1,0,3,0,0,1,1,1
Niger,NER,Africa,Sub-Saharan Africa,Western Africa,.,.,.,Africa,https://www.countryflags.io/ne/flat/64.png,0,0,0,0,0,0,0,0,0,0,0,0,0,0,0,0,0,0,0,0,0,0,0,0,0,0,0,0,0,0,0,0,0,0,0,0,0,0,0,0,0,0,0,0,0,0,0,0,0,0,0,0,0,0,0,0,0,0,0,0,0,0,1,0,0,0,0,2,0,2,0,0,3,2,0,1,0,0,0,0,1,0,2,0,0
Nicaragua,NIC,Americas,Latin America and the Caribbean,Central America,1,2,1,Americas,https://www.countryflags.io/ni/flat/64.png,0,0,0,0,0,0,0,0,0,0,0,0,0,0,0,0,0,0,0,0,0,0,0,0,0,0,0,0,0,0,0,0,0,0,0,0,0,0,0,0,0,0,0,0,0,0,0,0,0,0,0,0,0,0,0,0,0,0,0,0,0,0,0,0,1,0,0,0,0,0,0,0,0,0,0,0,0,0,0,0,0,0,0,0,0
New Zealand,NZL,Oceania,Australia and New Zealand,,.,.,.,Oceania,https://www.countryflags.io/nz/flat/64.png,0,0,0,0,0,0,0,0,0,0,0,0,0,0,0,0,0,0,0,0,0,0,0,0,0,0,0,0,0,0,0,0,0,0,0,0,0,0,0,0,0,0,0,0,0,0,0,0,0,0,0,0,0,0,0,0,0,0,0,0,0,0,0,0,0,0,1,0,0,0,0,0,0,0,0,0,0,0,1,2,0,1,4,0,0
New Caledonia,NCL,Oceania,Melanesia,,.,.,.,Oceania,https://www.countryflags.io/nc/flat/64.png,0,0,0,0,0,0,0,0,0,0,0,0,0,0,0,0,0,0,0,0,0,0,0,0,0,0,0,0,0,0,0,0,0,0,0,0,0,0,0,0,0,0,0,0,0,0,0,0,0,0,0,0,0,0,0,0,0,0,0,0,0,0,0,0,0,0,0,0,0,0,0,0,0,0,0,0,0,0,0,0,0,0,0,0,0
Netherlands,NLD,Europe,Western Europe,,.,.,.,Europe,https://www.countryflags.io/nl/flat/64.png,0,0,0,0,0,0,0,0,0,0,0,0,0,0,0,0,0,0,0,0,0,0,0,0,0,0,0,0,0,0,0,0,0,0,0,0,0,0,0,0,0,0,0,1,0,2,0,1,1,0,5,2,8,4,19,15,18,30,30,43,34,63,80,78,112,93,132,93,175,134,166,148,164,115,101,234,147,148,115,132,94,86,122,189,181
Nepal,NPL,Asia,Southern Asia,,.,.,.,Asia,https://www.countryflags.io/np/flat/64.png,0,0,0,0,0,0,0,0,0,0,0,0,0,0,0,0,0,0,0,0,0,0,0,0,0,0,0,0,0,0,0,0,0,0,0,0,0,0,0,0,0,0,0,0,0,0,0,0,0,0,0,0,0,0,0,0,0,0,0,0,0,0,0,0,0,0,0,0,0,0,0,0,0,0,0,0,0,0,0,0,0,0,0,0,0
Namibia,NAM,Africa,Sub-Saharan Africa,Southern Africa,.,.,.,Africa,https://www.countryflags.io/na/flat/64.png,0,0,0,0,0,0,0,0,0,0,0,0,0,0,0,0,0,0,0,0,0,0,0,0,0,0,0,0,0,0,0,0,0,0,0,0,0,0,0,0,0,0,0,0,0,0,0,0,0,0,0,0,0,0,0,0,0,0,0,0,0,0,0,0,0,0,0,0,0,0,0,0,0,0,0,0,0,0,0,0,0,0,0,0,0
Myanmar,MMR,Asia,South-eastern Asia,,.,.,.,Asia,https://www.countryflags.io/mm/flat/64.png,0,0,0,0,0,0,0,0,0,0,0,0,0,0,0,0,0,0,0,0,0,0,0,0,0,0,0,0,0,0,0,0,0,0,0,0,0,0,0,0,0,0,0,0,0,0,0,0,0,0,0,0,0,0,0,0,0,0,0,0,0,0,0,0,0,0,0,0,1,0,0,0,0,0,0,0,2,0,0,0,1,0,0,0,0
Mozambique,MOZ,Africa,Sub-Saharan Africa,Eastern Africa,.,.,.,Africa,https://www.countryflags.io/mz/flat/64.png,0,0,0,0,0,0,0,0,0,0,0,0,0,0,0,0,0,0,0,0,0,0,0,0,0,0,0,0,0,0,0,0,0,0,0,0,0,0,0,0,0,0,0,0,0,0,0,0,0,0,0,0,0,0,0,0,0,0,0,0,0,0,0,0,0,0,0,0,0,0,0,0,0,0,0,0,0,0,0,0,0,0,0,0,0
Morocco,MAR,Africa,Northern Africa,,.,.,.,Africa,https://www.countryflags.io/ma/flat/64.png,0,0,0,0,0,0,0,0,0,0,0,0,0,0,0,0,0,0,0,0,0,0,0,0,0,0,0,0,0,0,0,0,0,0,0,0,0,0,0,0,0,0,0,0,0,0,0,1,0,0,0,0,0,0,1,0,0,1,0,1,0,1,1,5,12,2,1,7,3,3,5,4,11,11,10,10,3,4,10,4,7,8,0,1,3
Montserrat,MSR,Americas,Latin America and the Caribbean,Caribbean,1,.,.,,,0,0,0,0,0,0,0,0,0,0,0,0,0,0,0,0,0,0,0,0,0,0,0,0,0,0,0,0,0,0,0,0,0,0,0,0,0,0,0,0,0,0,0,0,0,0,0,0,0,0,0,0,0,0,0,0,0,0,0,0,0,0,0,0,0,0,0,0,0,0,0,0,0,0,0,0,0,0,0,0,0,0,0,0,0
Montenegro,MNE,Europe,Southern Europe,,.,.,.,Europe,https://www.countryflags.io/me/flat/64.png,0,0,0,0,0,0,0,0,0,0,0,0,0,0,0,0,0,0,0,0,0,0,0,0,0,0,0,0,0,0,0,0,0,0,0,0,0,0,0,0,0,0,0,0,0,0,0,0,0,0,0,0,0,0,0,0,0,0,0,0,1,0,0,0,0,0,0,0,1,0,0,0,0,0,0,0,0,0,0,0,1,0,1,0,0
Mongolia,MNG,Asia,Eastern Asia,,.,.,.,Asia,https://www.countryflags.io/mn/flat/64.png,0,0,0,0,0,0,0,0,0,0,0,0,0,0,0,0,0,0,0,0,0,0,0,0,0,0,0,0,0,0,0,0,0,0,0,0,0,0,0,0,0,0,0,0,0,0,0,0,0,0,0,0,0,0,0,0,0,0,0,0,0,0,0,0,0,0,0,0,0,0,0,0,0,0,0,0,0,0,0,0,0,0,0,0,0
Monaco,MCO,Europe,Western Europe,,.,.,.,Europe,https://www.countryflags.io/mc/flat/64.png,0,0,0,0,0,0,0,0,0,0,0,0,0,0,0,0,0,0,0,0,0,0,0,0,0,0,0,0,0,0,0,0,0,0,0,0,0,0,0,0,0,0,0,0,0,0,0,0,0,0,0,0,0,0,0,0,0,0,0,0,0,0,0,0,0,0,1,0,0,0,0,0,0,0,0,0,0,0,0,0,0,0,0,2,0
Moldova,MDA,Europe,Eastern Europe,,.,.,.,Europe,https://www.countryflags.io/md/flat/64.png,0,0,0,0,0,0,0,0,0,0,0,0,0,0,0,0,0,0,0,0,0,0,0,0,0,0,0,0,0,0,0,0,0,0,0,0,0,0,0,0,0,0,0,0,0,0,0,0,0,0,0,0,0,0,0,1,0,0,0,0,0,0,0,0,1,0,0,0,2,1,1,2,4,3,4,3,5,2,0,1,1,4,5,6,8
Mexico,MEX,Americas,Latin America and the Caribbean,Central America,1,2,1,Americas,https://www.countryflags.io/mx/flat/64.png,0,0,0,0,0,0,0,0,0,0,0,0,0,0,0,0,0,0,0,0,0,0,0,0,0,0,0,0,0,0,0,0,0,0,0,0,0,0,0,0,0,0,0,0,0,0,0,0,0,0,0,0,0,0,0,0,1,0,1,0,1,1,1,1,2,4,4,4,8,1,8,13,10,19,15,31,16,33,20,39,40,23,36,74,43
Mayotte,MYT,Africa,Sub-Saharan Africa,Eastern Africa,.,.,.,,,0,0,0,0,0,0,0,0,0,0,0,0,0,0,0,0,0,0,0,0,0,0,0,0,0,0,0,0,0,0,0,0,0,0,0,0,0,0,0,0,0,0,0,0,0,0,0,0,0,0,0,0,0,0,0,0,0,0,0,0,0,0,0,0,0,0,0,0,1,0,0,1,0,0,0,0,0,0,0,1,0,0,0,0,0
Mauritius,MUS,Africa,Sub-Saharan Africa,Eastern Africa,.,.,.,Africa,https://www.countryflags.io/mu/flat/64.png,0,0,0,0,0,0,0,0,0,0,0,0,0,0,0,0,0,0,0,0,0,0,0,0,0,0,0,0,0,0,0,0,0,0,0,0,0,0,0,0,0,0,0,0,0,0,0,0,0,0,0,0,0,0,0,0,0,0,1,1,0,0,0,0,0,0,1,0,2,1,1,0,0,0,0,0,0,0,2,0,0,0,0,0,0
Mauritania,MRT,Africa,Sub-Saharan Africa,Western Africa,.,.,.,Africa,https://www.countryflags.io/mr/flat/64.png,0,0,0,0,0,0,0,0,0,0,0,0,0,0,0,0,0,0,0,0,0,0,0,0,0,0,0,0,0,0,0,0,0,0,0,0,0,0,0,0,0,0,0,0,0,0,0,0,0,0,0,0,0,0,0,0,0,0,0,0,0,0,0,0,0,0,0,1,0,0,0,0,0,0,0,0,0,0,0,0,0,0,0,0,0
Martinique,MTQ,Americas,Latin America and the Caribbean,Caribbean,1,.,.,,,0,0,0,0,0,0,0,0,0,0,0,0,0,0,0,0,0,0,0,0,0,0,0,0,0,0,0,0,0,0,0,0,0,0,0,0,0,0,0,0,0,0,0,0,0,0,0,0,0,0,0,0,0,1,0,0,0,0,0,0,0,0,0,0,0,0,0,0,2,0,0,0,0,1,0,0,2,0,0,0,0,0,0,2,0
Malta,MLT,Europe,Southern Europe,,.,.,.,Europe,https://www.countryflags.io/mt/flat/64.png,0,0,0,0,0,0,0,0,0,0,0,0,0,0,0,0,0,0,0,0,0,0,0,0,0,0,0,0,0,0,0,0,0,0,0,0,0,0,0,0,0,0,0,0,0,0,0,0,0,0,0,0,0,0,0,0,0,0,0,0,0,0,0,0,0,0,0,0,0,0,0,0,0,0,0,0,1,1,0,1,0,0,0,0,0
Mali,MLI,Africa,Sub-Saharan Africa,Western Africa,.,.,.,Africa,https://www.countryflags.io/ml/flat/64.png,0,0,0,0,0,0,0,0,0,0,0,0,0,0,0,0,0,0,0,0,0,0,0,0,0,0,0,0,0,0,0,0,0,0,0,0,0,0,0,0,0,0,0,0,0,0,0,0,0,0,0,0,0,0,0,0,0,0,0,0,0,0,0,0,0,0,1,1,0,1,0,0,0,2,0,0,2,0,0,0,2,1,3,0,0
Maldives,MDV,Asia,Southern Asia,,.,.,.,Asia,https://www.countryflags.io/mv/flat/64.png,0,0,0,0,0,0,0,0,0,0,0,0,0,0,0,0,0,0,0,0,0,0,0,0,0,0,0,0,0,0,0,0,0,0,0,0,0,0,0,0,0,0,0,0,0,0,0,0,0,0,0,0,0,0,0,0,0,0,0,0,0,0,0,0,0,0,0,0,0,0,0,0,0,0,0,0,0,0,0,0,0,0,0,0,0
Malaysia,MYS,Asia,South-eastern Asia,,.,.,.,Asia,https://www.countryflags.io/my/flat/64.png,0,0,0,0,0,0,0,0,0,0,0,0,0,0,0,0,0,0,0,0,0,0,0,0,0,0,0,0,0,0,0,0,0,0,0,0,0,0,0,0,0,0,0,0,0,0,0,0,0,0,0,0,0,0,2,0,0,1,1,6,4,2,4,3,3,1,8,2,6,2,5,3,4,4,1,1,2,2,3,3,3,1,5,1,1
Malawi,MWI,Africa,Sub-Saharan Africa,Eastern Africa,.,.,.,Africa,https://www.countryflags.io/mw/flat/64.png,0,0,0,0,0,0,0,0,0,0,0,0,0,0,0,0,0,0,0,0,0,0,0,0,0,0,0,0,0,0,0,0,0,0,0,0,0,0,0,0,0,0,0,0,0,0,0,0,0,0,0,0,0,0,0,0,0,0,0,0,0,0,0,0,0,0,0,0,0,0,0,0,0,0,0,1,0,0,0,1,0,0,0,0,0
Madagascar,MDG,Africa,Sub-Saharan Africa,Eastern Africa,.,.,.,Africa,https://www.countryflags.io/mg/flat/64.png,0,0,0,0,0,0,0,0,0,0,0,0,0,0,0,0,0,0,0,0,0,0,0,0,0,0,0,0,0,0,0,0,0,0,0,0,0,0,0,0,0,0,0,0,0,0,0,0,0,0,0,0,0,0,0,0,0,0,0,0,0,0,0,0,0,0,0,0,0,0,0,0,0,0,0,0,0,0,0,0,0,0,0,0,0
Luxembourg,LUX,Europe,Western Europe,,.,.,.,Europe,https://www.countryflags.io/lu/flat/64.png,0,0,0,0,0,0,0,0,0,0,0,0,0,0,0,0,0,0,0,0,0,0,0,0,0,0,0,0,0,0,0,0,0,0,0,0,0,0,0,0,0,0,0,0,0,0,0,0,0,0,0,1,0,0,0,1,2,0,4,0,0,0,0,1,6,3,3,1,1,6,1,1,0,5,5,3,2,6,2,8,4,3,-2,2,0
Lithuania,LTU,Europe,Northern Europe,,.,.,.,Europe,https://www.countryflags.io/lt/flat/64.png,0,0,0,0,0,0,0,0,0,0,0,0,0,0,0,0,0,0,0,0,0,0,0,0,0,0,0,0,0,0,0,0,0,0,0,0,0,0,0,0,0,0,0,0,0,0,0,0,0,0,0,0,0,0,0,0,0,0,1,0,0,1,2,0,1,2,0,0,1,0,1,0,2,2,2,0,0,1,6,1,0,1,5,1,2
Liechtenstein,LIE,Europe,Western Europe,,.,.,.,Europe,https://www.countryflags.io/li/flat/64.png,0,0,0,0,0,0,0,0,0,0,0,0,0,0,0,0,0,0,0,0,0,0,0,0,0,0,0,0,0,0,0,0,0,0,0,0,0,0,0,0,0,0,0,0,0,0,0,0,0,0,0,0,0,0,0,0,0,0,0,0,0,0,0,0,0,0,0,0,0,0,0,0,1,0,0,0,0,0,0,0,0,0,0,0,0
Libya,LBY,Africa,Northern Africa,,.,.,.,Africa,https://www.countryflags.io/ly/flat/64.png,0,0,0,0,0,0,0,0,0,0,0,0,0,0,0,0,0,0,0,0,0,0,0,0,0,0,0,0,0,0,0,0,0,0,0,0,0,0,0,0,0,0,0,0,0,0,0,0,0,0,0,0,0,0,0,0,0,0,0,0,0,0,0,0,0,0,0,0,0,0,1,0,0,0,0,0,0,0,0,0,0,0,0,0,0
Liberia,LBR,Africa,Sub-Saharan Africa,Western Africa,.,.,.,Africa,https://www.countryflags.io/lr/flat/64.png,0,0,0,0,0,0,0,0,0,0,0,0,0,0,0,0,0,0,0,0,0,0,0,0,0,0,0,0,0,0,0,0,0,0,0,0,0,0,0,0,0,0,0,0,0,0,0,0,0,0,0,0,0,0,0,0,0,0,0,0,0,0,0,0,0,0,0,0,0,0,0,0,1,2,0,0,1,0,1,0,0,1,0,0,0
Lebanon,LBN,Asia,Western Asia,,.,.,.,Asia,https://www.countryflags.io/lb/flat/64.png,0,0,0,0,0,0,0,0,0,0,0,0,0,0,0,0,0,0,0,0,0,0,0,0,0,0,0,0,0,0,0,0,0,0,0,0,0,0,0,0,0,0,0,0,0,0,0,1,2,0,0,0,0,0,0,0,1,0,0,0,0,0,2,0,2,0,2,1,1,2,2,1,0,1,1,0,0,0,1,0,0,0,1,0,0
Latvia,LVA,Europe,Northern Europe,,.,.,.,Europe,https://www.countryflags.io/lv/flat/64.png,0,0,0,0,0,0,0,0,0,0,0,0,0,0,0,0,0,0,0,0,0,0,0,0,0,0,0,0,0,0,0,0,0,0,0,0,0,0,0,0,0,0,0,0,0,0,0,0,0,0,0,0,0,0,0,0,0,0,0,0,0,0,0,0,0,0,0,0,0,0,0,1,0,0,0,1,0,1,0,0,2,0,0,0,0
Laos,LAO,Asia,South-eastern Asia,,.,.,.,,,0,0,0,0,0,0,0,0,0,0,0,0,0,0,0,0,0,0,0,0,0,0,0,0,0,0,0,0,0,0,0,0,0,0,0,0,0,0,0,0,0,0,0,0,0,0,0,0,0,0,0,0,0,0,0,0,0,0,0,0,0,0,0,0,0,0,0,0,0,0,0,0,0,0,0,0,0,0,0,0,0,0,0,0,0
Kyrgyzstan,KGZ,Asia,Central Asia,,.,.,.,Asia,https://www.countryflags.io/kg/flat/64.png,0,0,0,0,0,0,0,0,0,0,0,0,0,0,0,0,0,0,0,0,0,0,0,0,0,0,0,0,0,0,0,0,0,0,0,0,0,0,0,0,0,0,0,0,0,0,0,0,0,0,0,0,0,0,0,0,0,0,0,0,0,0,0,0,0,0,0,0,0,0,0,1,0,0,3,0,0,0,1,0,0,0,0,0,0
Kuwait,KWT,Asia,Western Asia,,.,.,.,Asia,https://www.countryflags.io/kw/flat/64.png,0,0,0,0,0,0,0,0,0,0,0,0,0,0,0,0,0,0,0,0,0,0,0,0,0,0,0,0,0,0,0,0,0,0,0,0,0,0,0,0,0,0,0,0,0,0,0,0,0,0,0,0,0,0,0,0,0,0,0,0,0,0,0,0,0,0,0,0,0,0,0,0,1,0,0,0,0,0,0,0,0,1,1,0,0
Kosovo,XKX,Europe,,,.,.,.,,,0,0,0,0,0,0,0,0,0,0,0,0,0,0,0,0,0,0,0,0,0,0,0,0,0,0,0,0,0,0,0,0,0,0,0,0,0,0,0,0,0,0,0,0,0,0,0,0,0,0,0,0,0,0,0,0,0,0,0,0,0,0,0,1,0,0,0,0,0,0,0,0,0,0,0,3,1,0,2,0,0,0,1,0,3
"Korea, South",KOR,Asia,Eastern Asia,,.,.,.,Asia,https://www.countryflags.io/kr/flat/64.png,0,0,0,0,0,0,0,0,0,0,0,0,0,0,0,0,0,0,0,0,0,0,0,0,0,0,0,0,1,1,0,4,2,2,2,1,0,3,1,11,0,7,0,7,2,6,3,1,6,6,0,6,3,0,6,3,7,3,8,9,0,9,6,5,8,5,8,6,4,3,4,5,3,6,3,6,8,4,4,3,3,3,5,3,4
Kenya,KEN,Africa,Sub-Saharan Africa,Eastern Africa,.,.,.,Africa,https://www.countryflags.io/ke/flat/64.png,0,0,0,0,0,0,0,0,0,0,0,0,0,0,0,0,0,0,0,0,0,0,0,0,0,0,0,0,0,0,0,0,0,0,0,0,0,0,0,0,0,0,0,0,0,0,0,0,0,0,0,0,0,0,0,0,0,0,0,0,0,0,0,1,0,0,0,0,0,0,2,1,0,0,2,0,0,1,0,0,1,1,0,1,1
Kazakhstan,KAZ,Asia,Central Asia,,.,.,.,Asia,https://www.countryflags.io/kz/flat/64.png,0,0,0,0,0,0,0,0,0,0,0,0,0,0,0,0,0,0,0,0,0,0,0,0,0,0,0,0,0,0,0,0,0,0,0,0,0,0,0,0,0,0,0,0,0,0,0,0,0,0,0,0,0,0,0,0,0,3,-3,0,0,0,0,1,0,0,0,0,1,1,0,3,-1,1,0,0,1,1,2,0,0,2,2,2,1
Jordan,JOR,Asia,Western Asia,,.,.,.,Asia,https://www.countryflags.io/jo/flat/64.png,0,0,0,0,0,0,0,0,0,0,0,0,0,0,0,0,0,0,0,0,0,0,0,0,0,0,0,0,0,0,0,0,0,0,0,0,0,0,0,0,0,0,0,0,0,0,0,0,0,0,0,0,0,0,0,0,0,0,0,0,0,0,0,0,1,0,2,2,0,0,0,0,0,0,1,0,0,1,0,0,0,0,0,0,0
Japan,JPN,Asia,Eastern Asia,,.,.,.,Asia,https://www.countryflags.io/jp/flat/64.png,0,0,0,0,0,0,0,0,0,0,0,0,0,0,0,0,0,0,0,0,0,1,0,0,0,0,0,0,0,0,0,0,0,0,1,2,0,1,1,0,0,0,0,0,0,0,4,0,5,1,3,3,0,5,2,0,0,4,2,6,1,1,2,2,2,3,2,0,2,1,5,1,14,0,8,7,1,1,5,0,9,15,20,3,32
Jamaica,JAM,Americas,Latin America and the Caribbean,Caribbean,1,3,1,Americas,https://www.countryflags.io/jm/flat/64.png,0,0,0,0,0,0,0,0,0,0,0,0,0,0,0,0,0,0,0,0,0,0,0,0,0,0,0,0,0,0,0,0,0,0,0,0,0,0,0,0,0,0,0,0,0,0,0,0,0,0,0,0,0,0,0,0,1,0,0,0,0,0,0,0,0,0,0,0,0,2,0,0,0,0,0,0,1,0,0,0,0,0,0,1,0
Italy,ITA,Europe,Southern Europe,,.,.,.,Europe,https://www.countryflags.io/it/flat/64.png,0,0,0,0,0,0,0,0,0,0,0,0,0,0,0,0,0,0,0,0,0,0,0,0,0,0,0,0,0,1,1,1,4,3,2,5,4,8,5,18,27,28,41,49,36,133,97,168,196,0,439,175,368,349,345,475,427,627,793,651,601,743,683,712,919,889,756,812,837,727,760,766,681,525,636,604,542,610,570,619,431,566,602,578,525
Israel,ISR,Asia,Western Asia,,.,.,.,Asia,https://www.countryflags.io/il/flat/64.png,0,0,0,0,0,0,0,0,0,0,0,0,0,0,0,0,0,0,0,0,0,0,0,0,0,0,0,0,0,0,0,0,0,0,0,0,0,0,0,0,0,0,0,0,0,0,0,0,0,0,0,0,0,0,0,0,0,0,1,0,0,2,2,3,4,0,3,1,4,6,10,4,4,5,8,8,8,13,9,6,2,13,7,7,12
Isle of Man,IMN,Europe,Northern Europe,,.,.,.,Europe,https://www.countryflags.io/im/flat/64.png,0,0,0,0,0,0,0,0,0,0,0,0,0,0,0,0,0,0,0,0,0,0,0,0,0,0,0,0,0,0,0,0,0,0,0,0,0,0,0,0,0,0,0,0,0,0,0,0,0,0,0,0,0,0,0,0,0,0,0,0,0,0,0,0,0,0,0,0,0,1,0,0,0,0,0,0,0,0,0,1,0,0,0,2,0
Ireland,IRL,Europe,Northern Europe,,.,.,.,Europe,https://www.countryflags.io/ie/flat/64.png,0,0,0,0,0,0,0,0,0,0,0,0,0,0,0,0,0,0,0,0,0,0,0,0,0,0,0,0,0,0,0,0,0,0,0,0,0,0,0,0,0,0,0,0,0,0,0,0,1,0,0,1,0,0,0,0,1,0,0,1,2,1,2,10,3,14,10,8,17,14,13,22,17,21,16,36,25,28,24,33,14,31,41,38,42
Iraq,IRQ,Asia,Western Asia,,.,.,.,Asia,https://www.countryflags.io/iq/flat/64.png,0,0,0,0,0,0,0,0,0,0,0,0,0,0,0,0,0,0,0,0,0,0,0,0,0,0,0,0,0,0,0,0,0,0,0,0,0,0,0,0,0,2,0,1,1,2,0,1,0,1,1,1,0,0,1,1,1,4,0,3,3,4,2,7,4,2,0,4,4,2,2,0,2,5,3,1,4,0,1,2,4,2,0,1,1
Iran,IRN,Asia,Southern Asia,,.,.,.,Asia,https://www.countryflags.io/ir/flat/64.png,0,0,0,0,0,0,0,0,0,0,0,0,0,0,0,0,0,0,0,0,0,0,0,0,0,0,0,2,0,2,1,3,4,4,3,7,8,9,11,12,11,15,15,17,21,49,43,54,63,75,85,97,113,129,135,147,149,149,123,129,127,122,143,157,144,139,123,117,141,138,124,134,158,151,136,133,121,117,122,125,117,111,98,94,92
Indonesia,IDN,Asia,South-eastern Asia,,.,.,.,Asia,https://www.countryflags.io/id/flat/64.png,0,0,0,0,0,0,0,0,0,0,0,0,0,0,0,0,0,0,0,0,0,0,0,0,0,0,0,0,0,0,0,0,0,0,0,0,0,0,0,0,0,0,0,0,0,0,0,0,1,0,3,1,0,0,0,14,6,7,6,10,1,6,3,20,9,15,12,8,14,21,13,11,10,7,11,12,19,40,26,21,46,26,60,10,27
India,IND,Asia,Southern Asia,,.,.,.,Asia,https://www.countryflags.io/in/flat/64.png,0,0,0,0,0,0,0,0,0,0,0,0,0,0,0,0,0,0,0,0,0,0,0,0,0,0,0,0,0,0,0,0,0,0,0,0,0,0,0,0,0,0,0,0,0,0,0,0,1,0,1,0,0,0,1,0,1,1,-1,3,3,0,2,8,0,4,3,5,3,23,14,0,14,13,37,14,28,48,20,42,43,27,35,12,43
Iceland,ISL,Europe,Northern Europe,,.,.,.,Europe,https://www.countryflags.io/is/flat/64.png,0,0,0,0,0,0,0,0,0,0,0,0,0,0,0,0,0,0,0,0,0,0,0,0,0,0,0,0,0,0,0,0,0,0,0,0,0,0,0,0,0,0,0,0,0,0,0,0,0,0,0,0,5,-5,1,0,0,-1,1,0,0,1,0,0,0,0,0,0,0,0,2,0,0,0,2,0,0,0,1,1,0,0,0,0,0
Hungary,HUN,Europe,Eastern Europe,,.,.,.,Europe,https://www.countryflags.io/hu/flat/64.png,0,0,0,0,0,0,0,0,0,0,0,0,0,0,0,0,0,0,0,0,0,0,0,0,0,0,0,0,0,0,0,0,0,0,0,0,0,0,0,0,0,0,0,0,0,0,0,0,0,0,0,0,1,0,0,0,0,2,1,2,1,2,1,0,0,1,2,2,1,4,1,5,6,2,4,9,11,8,11,8,14,10,13,12,8
Honduras,HND,Americas,Latin America and the Caribbean,Central America,1,2,1,Americas,https://www.countryflags.io/hn/flat/64.png,0,0,0,0,0,0,0,0,0,0,0,0,0,0,0,0,0,0,0,0,0,0,0,0,0,0,0,0,0,0,0,0,0,0,0,0,0,0,0,0,0,0,0,0,0,0,0,0,0,0,0,0,0,0,0,0,0,0,0,0,0,0,0,1,0,0,2,4,0,3,4,1,0,7,0,0,0,1,0,1,1,0,1,5,4
Holy See,VAT,Europe,Southern Europe,,.,.,.,,,0,0,0,0,0,0,0,0,0,0,0,0,0,0,0,0,0,0,0,0,0,0,0,0,0,0,0,0,0,0,0,0,0,0,0,0,0,0,0,0,0,0,0,0,0,0,0,0,0,0,0,0,0,0,0,0,0,0,0,0,0,0,0,0,0,0,0,0,0,0,0,0,0,0,0,0,0,0,0,0,0,0,0,0,0
Haiti,HTI,Americas,Latin America and the Caribbean,Caribbean,1,3,1,Americas,https://www.countryflags.io/ht/flat/64.png,0,0,0,0,0,0,0,0,0,0,0,0,0,0,0,0,0,0,0,0,0,0,0,0,0,0,0,0,0,0,0,0,0,0,0,0,0,0,0,0,0,0,0,0,0,0,0,0,0,0,0,0,0,0,0,0,0,0,0,0,0,0,0,0,0,0,0,0,0,0,0,0,0,1,0,0,0,1,0,0,1,0,0,0,0
Guyana,GUY,Americas,Latin America and the Caribbean,South America,1,1,.,Americas,https://www.countryflags.io/gy/flat/64.png,0,0,0,0,0,0,0,0,0,0,0,0,0,0,0,0,0,0,0,0,0,0,0,0,0,0,0,0,0,0,0,0,0,0,0,0,0,0,0,0,0,0,0,0,0,0,0,0,0,1,0,0,0,0,0,0,0,0,0,0,0,0,0,0,0,0,0,0,1,0,2,0,0,0,0,1,1,0,0,0,0,0,0,0,0
Guinea-Bissau,GNB,Africa,Sub-Saharan Africa,Western Africa,.,.,.,Africa,https://www.countryflags.io/gw/flat/64.png,0,0,0,0,0,0,0,0,0,0,0,0,0,0,0,0,0,0,0,0,0,0,0,0,0,0,0,0,0,0,0,0,0,0,0,0,0,0,0,0,0,0,0,0,0,0,0,0,0,0,0,0,0,0,0,0,0,0,0,0,0,0,0,0,0,0,0,0,0,0,0,0,0,0,0,0,0,0,0,0,0,0,0,0,0
Guinea,GIN,Africa,Sub-Saharan Africa,Western Africa,.,.,.,Africa,https://www.countryflags.io/gn/flat/64.png,0,0,0,0,0,0,0,0,0,0,0,0,0,0,0,0,0,0,0,0,0,0,0,0,0,0,0,0,0,0,0,0,0,0,0,0,0,0,0,0,0,0,0,0,0,0,0,0,0,0,0,0,0,0,0,0,0,0,0,0,0,0,0,0,0,0,0,0,0,0,0,0,0,0,0,0,0,0,0,0,0,0,0,1,0
Guatemala,GTM,Americas,Latin America and the Caribbean,Central America,1,2,1,Americas,https://www.countryflags.io/gt/flat/64.png,0,0,0,0,0,0,0,0,0,0,0,0,0,0,0,0,0,0,0,0,0,0,0,0,0,0,0,0,0,0,0,0,0,0,0,0,0,0,0,0,0,0,0,0,0,0,0,0,0,0,0,0,0,1,0,0,0,0,0,0,0,0,0,0,0,0,0,0,0,0,0,0,1,0,1,0,0,0,0,0,2,0,0,0,0
Guadeloupe,GLP,Americas,Latin America and the Caribbean,Caribbean,1,.,.,,,0,0,0,0,0,0,0,0,0,0,0,0,0,0,0,0,0,0,0,0,0,0,0,0,0,0,0,0,0,0,0,0,0,0,0,0,0,0,0,0,0,0,0,0,0,0,0,0,0,0,0,0,0,0,0,0,0,0,0,1,0,0,0,0,0,1,2,0,0,2,0,1,0,0,0,0,1,0,0,0,0,0,0,0,0
Grenada,GRD,Americas,Latin America and the Caribbean,Caribbean,1,.,.,Americas,https://www.countryflags.io/gd/flat/64.png,0,0,0,0,0,0,0,0,0,0,0,0,0,0,0,0,0,0,0,0,0,0,0,0,0,0,0,0,0,0,0,0,0,0,0,0,0,0,0,0,0,0,0,0,0,0,0,0,0,0,0,0,0,0,0,0,0,0,0,0,0,0,0,0,0,0,0,0,0,0,0,0,0,0,0,0,0,0,0,0,0,0,0,0,0
Greenland,GRL,Americas,Northern America,,.,.,.,Americas,https://www.countryflags.io/gl/flat/64.png,0,0,0,0,0,0,0,0,0,0,0,0,0,0,0,0,0,0,0,0,0,0,0,0,0,0,0,0,0,0,0,0,0,0,0,0,0,0,0,0,0,0,0,0,0,0,0,0,0,0,0,0,0,0,0,0,0,0,0,0,0,0,0,0,0,0,0,0,0,0,0,0,0,0,0,0,0,0,0,0,0,0,0,0,0
Greece,GRC,Europe,Southern Europe,,.,.,.,Europe,https://www.countryflags.io/gr/flat/64.png,0,0,0,0,0,0,0,0,0,0,0,0,0,0,0,0,0,0,0,0,0,0,0,0,0,0,0,0,0,0,0,0,0,0,0,0,0,0,0,0,0,0,0,0,0,0,0,0,1,0,0,2,1,0,1,0,1,0,7,2,2,3,2,4,2,4,6,5,6,1,3,10,5,5,6,2,2,4,5,1,5,1,2,1,3
Gibraltar,GIB,Europe,Southern Europe,,.,.,.,Europe,https://www.countryflags.io/gi/flat/64.png,0,0,0,0,0,0,0,0,0,0,0,0,0,0,0,0,0,0,0,0,0,0,0,0,0,0,0,0,0,0,0,0,0,0,0,0,0,0,0,0,0,0,0,0,0,0,0,0,0,0,0,0,0,0,0,0,0,0,0,0,0,0,0,0,0,0,0,0,0,0,0,0,0,0,0,0,0,0,0,0,0,0,0,0,0
Ghana,GHA,Africa,Sub-Saharan Africa,Western Africa,.,.,.,Africa,https://www.countryflags.io/gh/flat/64.png,0,0,0,0,0,0,0,0,0,0,0,0,0,0,0,0,0,0,0,0,0,0,0,0,0,0,0,0,0,0,0,0,0,0,0,0,0,0,0,0,0,0,0,0,0,0,0,0,0,0,0,0,0,0,0,0,0,0,1,0,1,0,2,0,0,1,0,0,0,0,0,0,0,0,0,0,1,0,0,2,0,0,0,0,0
Germany,DEU,Europe,Western Europe,,.,.,.,Europe,https://www.countryflags.io/de/flat/64.png,0,0,0,0,0,0,0,0,0,0,0,0,0,0,0,0,0,0,0,0,0,0,0,0,0,0,0,0,0,0,0,0,0,0,0,0,0,0,0,0,0,0,0,0,0,0,2,0,1,0,4,2,2,6,7,4,16,23,17,10,29,34,49,61,75,91,100,112,130,145,187,168,169,140,226,206,333,258,160,-31,286,172,100,510,248
Georgia,GEO,Asia,Western Asia,,.,.,.,Asia,https://www.countryflags.io/ge/flat/64.png,0,0,0,0,0,0,0,0,0,0,0,0,0,0,0,0,0,0,0,0,0,0,0,0,0,0,0,0,0,0,0,0,0,0,0,0,0,0,0,0,0,0,0,0,0,0,0,0,0,0,0,0,0,0,0,0,0,0,0,0,0,0,0,0,0,0,0,0,0,0,0,0,1,1,0,1,0,0,0,0,0,0,0,0,0
Gambia,GMB,Africa,Sub-Saharan Africa,Western Africa,.,.,.,Africa,https://www.countryflags.io/gm/flat/64.png,0,0,0,0,0,0,0,0,0,0,0,0,0,0,0,0,0,0,0,0,0,0,0,0,0,0,0,0,0,0,0,0,0,0,0,0,0,0,0,0,0,0,0,0,0,0,0,0,0,0,0,0,0,0,0,0,0,0,0,0,1,0,0,0,0,0,0,0,0,0,0,0,0,0,0,0,0,0,0,0,0,0,0,0,0
Gabon,GAB,Africa,Sub-Saharan Africa,Middle Africa,.,.,.,Africa,https://www.countryflags.io/ga/flat/64.png,0,0,0,0,0,0,0,0,0,0,0,0,0,0,0,0,0,0,0,0,0,0,0,0,0,0,0,0,0,0,0,0,0,0,0,0,0,0,0,0,0,0,0,0,0,0,0,0,0,0,0,0,0,0,0,0,0,1,0,0,0,0,0,0,0,0,0,0,0,0,0,0,0,0,0,0,0,0,0,0,0,0,0,0,0
French Polynesia,PYF,Oceania,Polynesia,,.,.,.,Oceania,https://www.countryflags.io/pf/flat/64.png,0,0,0,0,0,0,0,0,0,0,0,0,0,0,0,0,0,0,0,0,0,0,0,0,0,0,0,0,0,0,0,0,0,0,0,0,0,0,0,0,0,0,0,0,0,0,0,0,0,0,0,0,0,0,0,0,0,0,0,0,0,0,0,0,0,0,0,0,0,0,0,0,0,0,0,0,0,0,0,0,0,0,0,0,0
French Guiana,GUF,Americas,Latin America and the Caribbean,South America,1,1,.,,,0,0,0,0,0,0,0,0,0,0,0,0,0,0,0,0,0,0,0,0,0,0,0,0,0,0,0,0,0,0,0,0,0,0,0,0,0,0,0,0,0,0,0,0,0,0,0,0,0,0,0,0,0,0,0,0,0,0,0,0,0,0,0,0,0,0,0,0,0,0,0,0,0,0,0,0,0,0,0,0,0,0,0,0,0
France,FRA,Europe,Western Europe,,.,.,.,Europe,https://www.countryflags.io/fr/flat/64.png,0,0,0,0,0,0,0,0,0,0,0,0,0,0,0,0,0,0,0,0,0,0,0,1,0,0,0,0,0,0,0,0,0,0,1,0,0,0,0,1,1,0,2,3,2,8,0,14,15,0,31,12,0,57,0,0,95,207,112,112,186,240,231,365,299,319,292,418,499,880,984,1120,1053,518,833,1417,541,1341,987,635,561,574,762,1438,753
Finland,FIN,Europe,Northern Europe,,.,.,.,Europe,https://www.countryflags.io/fi/flat/64.png,0,0,0,0,0,0,0,0,0,0,0,0,0,0,0,0,0,0,0,0,0,0,0,0,0,0,0,0,0,0,0,0,0,0,0,0,0,0,0,0,0,0,0,0,0,0,0,0,0,0,0,0,0,0,0,0,0,0,1,0,0,0,2,2,2,2,2,2,4,0,2,1,5,3,-1,7,6,2,6,1,7,3,5,8,3
Fiji,FJI,Oceania,Melanesia,,.,.,.,Oceania,https://www.countryflags.io/fj/flat/64.png,0,0,0,0,0,0,0,0,0,0,0,0,0,0,0,0,0,0,0,0,0,0,0,0,0,0,0,0,0,0,0,0,0,0,0,0,0,0,0,0,0,0,0,0,0,0,0,0,0,0,0,0,0,0,0,0,0,0,0,0,0,0,0,0,0,0,0,0,0,0,0,0,0,0,0,0,0,0,0,0,0,0,0,0,0
Faroe Islands,FRO,Europe,Northern Europe,,.,.,.,Europe,https://www.countryflags.io/fo/flat/64.png,0,0,0,0,0,0,0,0,0,0,0,0,0,0,0,0,0,0,0,0,0,0,0,0,0,0,0,0,0,0,0,0,0,0,0,0,0,0,0,0,0,0,0,0,0,0,0,0,0,0,0,0,0,0,0,0,0,0,0,0,0,0,0,0,0,0,0,0,0,0,0,0,0,0,0,0,0,0,0,0,0,0,0,0,0
Falkland Islands (Malvinas),FLK,Americas,Latin America and the Caribbean,South America,1,1,.,,,0,0,0,0,0,0,0,0,0,0,0,0,0,0,0,0,0,0,0,0,0,0,0,0,0,0,0,0,0,0,0,0,0,0,0,0,0,0,0,0,0,0,0,0,0,0,0,0,0,0,0,0,0,0,0,0,0,0,0,0,0,0,0,0,0,0,0,0,0,0,0,0,0,0,0,0,0,0,0,0,0,0,0,0,0
Ethiopia,ETH,Africa,Sub-Saharan Africa,Eastern Africa,.,.,.,Africa,https://www.countryflags.io/et/flat/64.png,0,0,0,0,0,0,0,0,0,0,0,0,0,0,0,0,0,0,0,0,0,0,0,0,0,0,0,0,0,0,0,0,0,0,0,0,0,0,0,0,0,0,0,0,0,0,0,0,0,0,0,0,0,0,0,0,0,0,0,0,0,0,0,0,0,0,0,0,0,0,0,0,0,2,0,0,0,0,1,0,0,0,0,0,0
Eswatini,SWZ,Africa,Sub-Saharan Africa,Southern Africa,.,.,.,Africa,https://www.countryflags.io/sz/flat/64.png,0,0,0,0,0,0,0,0,0,0,0,0,0,0,0,0,0,0,0,0,0,0,0,0,0,0,0,0,0,0,0,0,0,0,0,0,0,0,0,0,0,0,0,0,0,0,0,0,0,0,0,0,0,0,0,0,0,0,0,0,0,0,0,0,0,0,0,0,0,0,0,0,0,0,0,0,0,0,0,0,0,0,0,0,1
Estonia,EST,Europe,Northern Europe,,.,.,.,Europe,https://www.countryflags.io/ee/flat/64.png,0,0,0,0,0,0,0,0,0,0,0,0,0,0,0,0,0,0,0,0,0,0,0,0,0,0,0,0,0,0,0,0,0,0,0,0,0,0,0,0,0,0,0,0,0,0,0,0,0,0,0,0,0,0,0,0,0,0,0,0,0,0,1,0,0,0,2,0,1,1,6,1,1,2,4,2,3,0,0,0,1,3,3,4,1
Eritrea,ERI,Africa,Sub-Saharan Africa,Eastern Africa,.,.,.,Africa,https://www.countryflags.io/er/flat/64.png,0,0,0,0,0,0,0,0,0,0,0,0,0,0,0,0,0,0,0,0,0,0,0,0,0,0,0,0,0,0,0,0,0,0,0,0,0,0,0,0,0,0,0,0,0,0,0,0,0,0,0,0,0,0,0,0,0,0,0,0,0,0,0,0,0,0,0,0,0,0,0,0,0,0,0,0,0,0,0,0,0,0,0,0,0
Equatorial Guinea,GNQ,Africa,Sub-Saharan Africa,Middle Africa,.,.,.,Africa,https://www.countryflags.io/gq/flat/64.png,0,0,0,0,0,0,0,0,0,0,0,0,0,0,0,0,0,0,0,0,0,0,0,0,0,0,0,0,0,0,0,0,0,0,0,0,0,0,0,0,0,0,0,0,0,0,0,0,0,0,0,0,0,0,0,0,0,0,0,0,0,0,0,0,0,0,0,0,0,0,0,0,0,0,0,0,0,0,0,0,0,0,0,0,0
El Salvador,SLV,Americas,Latin America and the Caribbean,Central America,1,2,1,Americas,https://www.countryflags.io/sv/flat/64.png,0,0,0,0,0,0,0,0,0,0,0,0,0,0,0,0,0,0,0,0,0,0,0,0,0,0,0,0,0,0,0,0,0,0,0,0,0,0,0,0,0,0,0,0,0,0,0,0,0,0,0,0,0,0,0,0,0,0,0,0,0,0,0,0,0,0,0,0,1,0,1,0,1,0,1,0,1,1,0,0,0,0,0,0,0
Egypt,EGY,Africa,Northern Africa,,.,.,.,Africa,https://www.countryflags.io/eg/flat/64.png,0,0,0,0,0,0,0,0,0,0,0,0,0,0,0,0,0,0,0,0,0,0,0,0,0,0,0,0,0,0,0,0,0,0,0,0,0,0,0,0,0,0,0,0,0,1,0,0,0,0,1,0,0,0,2,2,0,2,2,4,5,1,1,3,6,6,4,1,5,6,6,8,5,7,7,9,9,15,17,11,13,5,14,5,13
Ecuador,ECU,Americas,Latin America and the Caribbean,South America,1,1,1,Americas,https://www.countryflags.io/ec/flat/64.png,0,0,0,0,0,0,0,0,0,0,0,0,0,0,0,0,0,0,0,0,0,0,0,0,0,0,0,0,0,0,0,0,0,0,0,0,0,0,0,0,0,0,0,0,0,0,0,0,0,0,0,2,0,0,0,0,1,2,2,7,4,9,1,6,2,12,10,2,15,18,27,25,27,8,11,29,22,30,25,18,18,22,14,19,15
Dominican Republic,DOM,Americas,Latin America and the Caribbean,Caribbean,1,3,1,Americas,https://www.countryflags.io/do/flat/64.png,0,0,0,0,0,0,0,0,0,0,0,0,0,0,0,0,0,0,0,0,0,0,0,0,0,0,0,0,0,0,0,0,0,0,0,0,0,0,0,0,0,0,0,0,0,0,0,0,0,0,0,0,0,0,1,0,1,0,0,1,0,3,4,0,10,8,11,3,9,6,3,8,0,14,4,12,10,10,8,9,38,4,6,6,7
Dominica,DMA,Americas,Latin America and the Caribbean,Caribbean,1,.,.,Americas,https://www.countryflags.io/dm/flat/64.png,0,0,0,0,0,0,0,0,0,0,0,0,0,0,0,0,0,0,0,0,0,0,0,0,0,0,0,0,0,0,0,0,0,0,0,0,0,0,0,0,0,0,0,0,0,0,0,0,0,0,0,0,0,0,0,0,0,0,0,0,0,0,0,0,0,0,0,0,0,0,0,0,0,0,0,0,0,0,0,0,0,0,0,0,0
Djibouti,DJI,Africa,Sub-Saharan Africa,Eastern Africa,.,.,.,Africa,https://www.countryflags.io/dj/flat/64.png,0,0,0,0,0,0,0,0,0,0,0,0,0,0,0,0,0,0,0,0,0,0,0,0,0,0,0,0,0,0,0,0,0,0,0,0,0,0,0,0,0,0,0,0,0,0,0,0,0,0,0,0,0,0,0,0,0,0,0,0,0,0,0,0,0,0,0,0,0,0,0,0,0,0,0,0,0,0,1,1,0,0,0,0,0
Denmark,DNK,Europe,Northern Europe,,.,.,.,Europe,https://www.countryflags.io/dk/flat/64.png,0,0,0,0,0,0,0,0,0,0,0,0,0,0,0,0,0,0,0,0,0,0,0,0,0,0,0,0,0,0,0,0,0,0,0,0,0,0,0,0,0,0,0,0,0,0,0,0,0,0,0,1,1,1,1,0,2,3,4,0,11,8,2,7,11,13,7,5,13,14,19,16,22,18,8,16,15,19,10,13,13,12,14,10,12
Czech Republic,CZE,Europe,Eastern Europe,,.,.,.,Europe,https://www.countryflags.io/cz/flat/64.png,0,0,0,0,0,0,0,0,0,0,0,0,0,0,0,0,0,0,0,0,0,0,0,0,0,0,0,0,0,0,0,0,0,0,0,0,0,0,0,0,0,0,0,0,0,0,0,0,0,0,0,0,0,0,0,0,0,0,0,1,0,2,3,3,0,2,5,7,8,8,5,9,6,8,11,10,11,13,7,10,9,5,18,5,3
Cyprus,CYP,Asia,Western Asia,,.,.,.,Asia,https://www.countryflags.io/cy/flat/64.png,0,0,0,0,0,0,0,0,0,0,0,0,0,0,0,0,0,0,0,0,0,0,0,0,0,0,0,0,0,0,0,0,0,0,0,0,0,0,0,0,0,0,0,0,0,0,0,0,0,0,0,0,0,0,0,0,0,0,0,1,0,2,0,0,2,0,0,2,1,1,1,1,0,-2,0,0,0,1,0,0,1,1,0,0,0
Curacao,CUW,Americas,Latin America and the Caribbean,Caribbean,1,.,.,Americas,https://www.countryflags.io/cw/flat/64.png,0,0,0,0,0,0,0,0,0,0,0,0,0,0,0,0,0,0,0,0,0,0,0,0,0,0,0,0,0,0,0,0,0,0,0,0,0,0,0,0,0,0,0,0,0,0,0,0,0,0,0,0,0,0,0,0,1,0,0,0,0,0,0,0,0,0,0,0,0,0,0,0,0,0,0,0,0,0,0,0,0,0,0,0,0
Cuba,CUB,Americas,Latin America and the Caribbean,Caribbean,1,.,.,Americas,https://www.countryflags.io/cu/flat/64.png,0,0,0,0,0,0,0,0,0,0,0,0,0,0,0,0,0,0,0,0,0,0,0,0,0,0,0,0,0,0,0,0,0,0,0,0,0,0,0,0,0,0,0,0,0,0,0,0,0,0,0,0,0,0,0,1,0,0,0,0,0,0,0,1,0,1,0,1,2,0,0,0,0,2,1,2,1,3,0,1,2,3,0,3,3
Croatia,HRV,Europe,Southern Europe,,.,.,.,Europe,https://www.countryflags.io/hr/flat/64.png,0,0,0,0,0,0,0,0,0,0,0,0,0,0,0,0,0,0,0,0,0,0,0,0,0,0,0,0,0,0,0,0,0,0,0,0,0,0,0,0,0,0,0,0,0,0,0,0,0,0,0,0,0,0,0,0,1,0,0,0,0,0,0,2,0,2,1,0,0,0,1,1,4,3,1,2,1,1,1,0,2,2,6,2,2
Cote d'Ivoire,CIV,Africa,Sub-Saharan Africa,Western Africa,.,.,.,Africa,https://www.countryflags.io/ci/flat/64.png,0,0,0,0,0,0,0,0,0,0,0,0,0,0,0,0,0,0,0,0,0,0,0,0,0,0,0,0,0,0,0,0,0,0,0,0,0,0,0,0,0,0,0,0,0,0,0,0,0,0,0,0,0,0,0,0,0,0,0,0,0,0,0,0,0,0,1,0,0,0,0,0,0,2,0,0,0,0,0,1,1,1,0,0,0
Costa Rica,CRI,Americas,Latin America and the Caribbean,Central America,1,2,1,Americas,https://www.countryflags.io/cr/flat/64.png,0,0,0,0,0,0,0,0,0,0,0,0,0,0,0,0,0,0,0,0,0,0,0,0,0,0,0,0,0,0,0,0,0,0,0,0,0,0,0,0,0,0,0,0,0,0,0,0,0,0,0,0,0,0,0,0,1,0,1,0,0,0,0,0,0,0,0,0,0,0,0,0,0,0,0,0,1,0,0,0,0,0,0,1,0
Congo (Kinshasa),COD,Africa,Sub-Saharan Africa,Middle Africa,.,.,.,Africa,https://www.countryflags.io/cd/flat/64.png,0,0,0,0,0,0,0,0,0,0,0,0,0,0,0,0,0,0,0,0,0,0,0,0,0,0,0,0,0,0,0,0,0,0,0,0,0,0,0,0,0,0,0,0,0,0,0,0,0,0,0,0,0,0,0,0,0,0,1,0,0,1,0,1,0,3,0,2,0,1,4,0,5,0,0,0,0,0,2,0,0,0,0,1,1
Congo (Brazzaville),COG,Africa,Sub-Saharan Africa,Middle Africa,.,.,.,Africa,https://www.countryflags.io/cg/flat/64.png,0,0,0,0,0,0,0,0,0,0,0,0,0,0,0,0,0,0,0,0,0,0,0,0,0,0,0,0,0,0,0,0,0,0,0,0,0,0,0,0,0,0,0,0,0,0,0,0,0,0,0,0,0,0,0,0,0,0,0,0,0,0,0,0,0,0,0,0,0,0,2,0,0,3,0,0,0,0,0,0,0,0,0,0,0
Colombia,COL,Americas,Latin America and the Caribbean,South America,1,1,1,Americas,https://www.countryflags.io/co/flat/64.png,0,0,0,0,0,0,0,0,0,0,0,0,0,0,0,0,0,0,0,0,0,0,0,0,0,0,0,0,0,0,0,0,0,0,0,0,0,0,0,0,0,0,0,0,0,0,0,0,0,0,0,0,0,0,0,0,0,0,0,2,1,0,1,2,0,0,4,2,4,1,2,6,7,3,11,4,4,15,11,20,9,3,15,4,13
Chile,CHL,Americas,Latin America and the Caribbean,South America,1,1,1,Americas,https://www.countryflags.io/cl/flat/64.png,0,0,0,0,0,0,0,0,0,0,0,0,0,0,0,0,0,0,0,0,0,0,0,0,0,0,0,0,0,0,0,0,0,0,0,0,0,0,0,0,0,0,0,0,0,0,0,0,0,0,0,0,0,0,0,0,0,0,0,1,1,0,1,1,1,1,1,1,4,4,2,4,5,7,3,6,5,9,8,8,7,2,10,2,11
Channel Islands,CHI,Europe,,,.,.,.,,,0,0,0,0,0,0,0,0,0,0,0,0,0,0,0,0,0,0,0,0,0,0,0,0,0,0,0,0,0,0,0,0,0,0,0,0,0,0,0,0,0,0,0,0,0,0,0,0,0,0,0,0,0,0,0,0,0,0,0,0,0,0,0,1,0,0,1,0,1,0,0,1,1,1,1,0,1,0,1,0,0,0,4,2,4
Chad,TCD,Africa,Sub-Saharan Africa,Middle Africa,.,.,.,Africa,https://www.countryflags.io/td/flat/64.png,0,0,0,0,0,0,0,0,0,0,0,0,0,0,0,0,0,0,0,0,0,0,0,0,0,0,0,0,0,0,0,0,0,0,0,0,0,0,0,0,0,0,0,0,0,0,0,0,0,0,0,0,0,0,0,0,0,0,0,0,0,0,0,0,0,0,0,0,0,0,0,0,0,0,0,0,0,0,0,0,0,0,0,0,0
Central African Republic,CAF,Africa,Sub-Saharan Africa,Middle Africa,.,.,.,Africa,https://www.countryflags.io/cf/flat/64.png,0,0,0,0,0,0,0,0,0,0,0,0,0,0,0,0,0,0,0,0,0,0,0,0,0,0,0,0,0,0,0,0,0,0,0,0,0,0,0,0,0,0,0,0,0,0,0,0,0,0,0,0,0,0,0,0,0,0,0,0,0,0,0,0,0,0,0,0,0,0,0,0,0,0,0,0,0,0,0,0,0,0,0,0,0
Cayman Islands,CYM,Americas,Latin America and the Caribbean,Caribbean,1,.,.,Americas,https://www.countryflags.io/ky/flat/64.png,0,0,0,0,0,0,0,0,0,0,0,0,0,0,0,0,0,0,0,0,0,0,0,0,0,0,0,0,0,0,0,0,0,0,0,0,0,0,0,0,0,0,0,0,0,0,0,0,0,0,0,0,0,1,0,0,0,0,0,0,0,0,0,0,0,0,0,0,0,0,0,0,0,0,0,0,0,0,0,0,0,0,0,0,0
Canada,CAN,Americas,Northern America,,.,.,.,Americas,https://www.countryflags.io/ca/flat/64.png,0,0,0,0,0,0,0,0,0,0,0,0,0,0,0,0,0,0,0,0,0,0,0,0,0,0,0,0,0,0,0,0,0,0,0,0,0,0,0,0,0,0,0,0,0,0,1,0,0,0,0,0,0,3,1,3,1,3,7,2,4,1,4,8,16,7,3,16,21,8,30,40,39,41,80,36,32,96,54,97,60,65,120,107,251
Cameroon,CMR,Africa,Sub-Saharan Africa,Middle Africa,.,.,.,Africa,https://www.countryflags.io/cm/flat/64.png,0,0,0,0,0,0,0,0,0,0,0,0,0,0,0,0,0,0,0,0,0,0,0,0,0,0,0,0,0,0,0,0,0,0,0,0,0,0,0,0,0,0,0,0,0,0,0,0,0,0,0,0,0,0,0,0,0,0,0,0,0,0,1,0,1,0,4,0,0,0,1,1,1,0,0,0,1,0,2,0,0,0,2,3,5
Cambodia,KHM,Asia,South-eastern Asia,,.,.,.,Asia,https://www.countryflags.io/kh/flat/64.png,0,0,0,0,0,0,0,0,0,0,0,0,0,0,0,0,0,0,0,0,0,0,0,0,0,0,0,0,0,0,0,0,0,0,0,0,0,0,0,0,0,0,0,0,0,0,0,0,0,0,0,0,0,0,0,0,0,0,0,0,0,0,0,0,0,0,0,0,0,0,0,0,0,0,0,0,0,0,0,0,0,0,0,0,0
Cabo Verde,CPV,Africa,Sub-Saharan Africa,Western Africa,.,.,.,Africa,https://www.countryflags.io/cv/flat/64.png,0,0,0,0,0,0,0,0,0,0,0,0,0,0,0,0,0,0,0,0,0,0,0,0,0,0,0,0,0,0,0,0,0,0,0,0,0,0,0,0,0,0,0,0,0,0,0,0,0,0,0,0,0,0,0,0,0,0,0,0,0,1,0,0,0,0,0,0,0,0,0,0,0,0,0,0,0,0,0,0,0,0,0,0,0
Burundi,BDI,Africa,Sub-Saharan Africa,Eastern Africa,.,.,.,Africa,https://www.countryflags.io/bi/flat/64.png,0,0,0,0,0,0,0,0,0,0,0,0,0,0,0,0,0,0,0,0,0,0,0,0,0,0,0,0,0,0,0,0,0,0,0,0,0,0,0,0,0,0,0,0,0,0,0,0,0,0,0,0,0,0,0,0,0,0,0,0,0,0,0,0,0,0,0,0,0,0,0,0,0,0,0,0,0,0,0,0,0,1,0,0,0
Burkina Faso,BFA,Africa,Sub-Saharan Africa,Western Africa,.,.,.,Africa,https://www.countryflags.io/bf/flat/64.png,0,0,0,0,0,0,0,0,0,0,0,0,0,0,0,0,0,0,0,0,0,0,0,0,0,0,0,0,0,0,0,0,0,0,0,0,0,0,0,0,0,0,0,0,0,0,0,0,0,0,0,0,0,0,0,1,0,0,1,2,0,0,0,3,2,2,1,0,2,2,0,0,0,1,1,1,4,1,0,3,0,0,3,2,0
Bulgaria,BGR,Europe,Eastern Europe,,.,.,.,Europe,https://www.countryflags.io/bg/flat/64.png,0,0,0,0,0,0,0,0,0,0,0,0,0,0,0,0,0,0,0,0,0,0,0,0,0,0,0,0,0,0,0,0,0,0,0,0,0,0,0,0,0,0,0,0,0,0,0,0,1,0,0,1,0,0,0,0,1,0,0,0,0,0,0,0,0,4,1,0,0,2,0,4,3,3,2,1,1,0,1,3,1,3,3,1,2
Brunei,BRN,Asia,South-eastern Asia,,.,.,.,Asia,https://www.countryflags.io/bn/flat/64.png,0,0,0,0,0,0,0,0,0,0,0,0,0,0,0,0,0,0,0,0,0,0,0,0,0,0,0,0,0,0,0,0,0,0,0,0,0,0,0,0,0,0,0,0,0,0,0,0,0,0,0,0,0,0,0,0,0,0,0,0,0,0,0,0,0,1,0,0,0,0,0,0,0,0,0,0,0,0,0,0,0,0,0,0,0
British Virgin Islands,VGB,Americas,Latin America and the Caribbean,Caribbean,1,.,.,Americas,https://www.countryflags.io/vg/flat/64.png,0,0,0,0,0,0,0,0,0,0,0,0,0,0,0,0,0,0,0,0,0,0,0,0,0,0,0,0,0,0,0,0,0,0,0,0,0,0,0,0,0,0,0,0,0,0,0,0,0,0,0,0,0,0,0,0,0,0,0,0,0,0,0,0,0,0,0,0,0,0,0,0,0,0,0,0,0,0,0,0,0,0,0,0,0
Brazil,BRA,Americas,Latin America and the Caribbean,South America,1,1,1,Americas,https://www.countryflags.io/br/flat/64.png,0,0,0,0,0,0,0,0,0,0,0,0,0,0,0,0,0,0,0,0,0,0,0,0,0,0,0,0,0,0,0,0,0,0,0,0,0,0,0,0,0,0,0,0,0,0,0,0,0,0,0,0,0,0,1,2,3,5,4,10,9,12,13,18,15,19,25,23,42,39,84,35,86,41,78,122,133,131,107,67,99,105,204,204,188
Botswana,BWA,Africa,Sub-Saharan Africa,Southern Africa,.,.,.,Africa,https://www.countryflags.io/bw/flat/64.png,0,0,0,0,0,0,0,0,0,0,0,0,0,0,0,0,0,0,0,0,0,0,0,0,0,0,0,0,0,0,0,0,0,0,0,0,0,0,0,0,0,0,0,0,0,0,0,0,0,0,0,0,0,0,0,0,0,0,0,0,0,0,0,0,0,0,0,0,1,0,0,0,0,0,0,0,0,0,0,0,0,0,0,0,0
Bosnia and Herzegovina,BIH,Europe,Southern Europe,,.,.,.,Europe,https://www.countryflags.io/ba/flat/64.png,0,0,0,0,0,0,0,0,0,0,0,0,0,0,0,0,0,0,0,0,0,0,0,0,0,0,0,0,0,0,0,0,0,0,0,0,0,0,0,0,0,0,0,0,0,0,0,0,0,0,0,0,0,0,0,0,0,0,1,0,0,2,0,0,1,1,1,4,3,0,3,1,4,2,6,4,1,1,1,1,2,0,1,1,2
"Bonaire, Sint Eustatius and Saba",BES,Americas,Latin America and the Caribbean,Caribbean,1,.,.,,,0,0,0,0,0,0,0,0,0,0,0,0,0,0,0,0,0,0,0,0,0,0,0,0,0,0,0,0,0,0,0,0,0,0,0,0,0,0,0,0,0,0,0,0,0,0,0,0,0,0,0,0,0,0,0,0,0,0,0,0,0,0,0,0,0,0,0,0,0,0,0,0,0,0,0,0,0,0,0,0,0,0,0,0,0
Bolivia,BOL,Americas,Latin America and the Caribbean,South America,1,1,1,Americas,https://www.countryflags.io/bo/flat/64.png,0,0,0,0,0,0,0,0,0,0,0,0,0,0,0,0,0,0,0,0,0,0,0,0,0,0,0,0,0,0,0,0,0,0,0,0,0,0,0,0,0,0,0,0,0,0,0,0,0,0,0,0,0,0,0,0,0,0,0,0,0,0,0,0,0,0,1,3,2,1,1,1,1,0,1,3,1,3,1,1,4,3,1,0,1
Bhutan,BTN,Asia,Southern Asia,,.,.,.,Asia,https://www.countryflags.io/bt/flat/64.png,0,0,0,0,0,0,0,0,0,0,0,0,0,0,0,0,0,0,0,0,0,0,0,0,0,0,0,0,0,0,0,0,0,0,0,0,0,0,0,0,0,0,0,0,0,0,0,0,0,0,0,0,0,0,0,0,0,0,0,0,0,0,0,0,0,0,0,0,0,0,0,0,0,0,0,0,0,0,0,0,0,0,0,0,0
Bermuda,BMU,Americas,Northern America,,.,.,.,Americas,https://www.countryflags.io/bm/flat/64.png,0,0,0,0,0,0,0,0,0,0,0,0,0,0,0,0,0,0,0,0,0,0,0,0,0,0,0,0,0,0,0,0,0,0,0,0,0,0,0,0,0,0,0,0,0,0,0,0,0,0,0,0,0,0,0,0,0,0,0,0,0,0,0,0,0,0,0,0,0,0,0,0,0,0,2,0,1,1,0,0,0,1,0,0,0
Benin,BEN,Africa,Sub-Saharan Africa,Western Africa,.,.,.,Africa,https://www.countryflags.io/bj/flat/64.png,0,0,0,0,0,0,0,0,0,0,0,0,0,0,0,0,0,0,0,0,0,0,0,0,0,0,0,0,0,0,0,0,0,0,0,0,0,0,0,0,0,0,0,0,0,0,0,0,0,0,0,0,0,0,0,0,0,0,0,0,0,0,0,0,0,0,0,0,0,0,0,0,0,0,1,0,0,0,0,0,0,0,0,0,0
Belize,BLZ,Americas,Latin America and the Caribbean,Central America,1,2,1,Americas,https://www.countryflags.io/bz/flat/64.png,0,0,0,0,0,0,0,0,0,0,0,0,0,0,0,0,0,0,0,0,0,0,0,0,0,0,0,0,0,0,0,0,0,0,0,0,0,0,0,0,0,0,0,0,0,0,0,0,0,0,0,0,0,0,0,0,0,0,0,0,0,0,0,0,0,0,0,0,0,0,0,0,0,0,1,0,0,0,1,0,0,0,0,0,0
Belgium,BEL,Europe,Western Europe,,.,.,.,Europe,https://www.countryflags.io/be/flat/64.png,0,0,0,0,0,0,0,0,0,0,0,0,0,0,0,0,0,0,0,0,0,0,0,0,0,0,0,0,0,0,0,0,0,0,0,0,0,0,0,0,0,0,0,0,0,0,0,0,3,0,0,1,0,1,5,4,7,16,30,8,13,34,56,42,69,64,78,82,192,123,183,132,140,164,185,403,205,283,496,327,254,303,254,283,417
Belarus,BLR,Europe,Eastern Europe,,.,.,.,Europe,https://www.countryflags.io/by/flat/64.png,0,0,0,0,0,0,0,0,0,0,0,0,0,0,0,0,0,0,0,0,0,0,0,0,0,0,0,0,0,0,0,0,0,0,0,0,0,0,0,0,0,0,0,0,0,0,0,0,0,0,0,0,0,0,0,0,0,0,0,0,0,0,0,0,0,0,0,0,1,1,2,0,1,3,5,0,0,3,3,4,3,3,4,3,4
Barbados,BRB,Americas,Latin America and the Caribbean,Caribbean,1,3,1,Americas,https://www.countryflags.io/bb/flat/64.png,0,0,0,0,0,0,0,0,0,0,0,0,0,0,0,0,0,0,0,0,0,0,0,0,0,0,0,0,0,0,0,0,0,0,0,0,0,0,0,0,0,0,0,0,0,0,0,0,0,0,0,0,0,0,0,0,0,0,0,0,0,0,0,0,0,0,0,0,0,0,0,0,0,1,1,1,0,0,1,0,0,0,0,1,0
Bangladesh,BGD,Asia,Southern Asia,,.,.,.,Asia,https://www.countryflags.io/bd/flat/64.png,0,0,0,0,0,0,0,0,0,0,0,0,0,0,0,0,0,0,0,0,0,0,0,0,0,0,0,0,0,0,0,0,0,0,0,0,0,0,0,0,0,0,0,0,0,0,0,0,0,0,0,0,0,0,0,1,0,0,1,0,1,1,1,0,0,0,0,0,0,1,0,0,2,1,3,5,3,1,6,3,4,5,7,4,10
Bahrain,BHR,Asia,Western Asia,,.,.,.,Asia,https://www.countryflags.io/bh/flat/64.png,0,0,0,0,0,0,0,0,0,0,0,0,0,0,0,0,0,0,0,0,0,0,0,0,0,0,0,0,0,0,0,0,0,0,0,0,0,0,0,0,0,0,0,0,0,0,0,0,0,0,0,0,0,1,0,0,0,0,0,1,0,1,1,0,0,0,0,0,0,0,0,0,0,0,0,1,0,0,1,0,0,0,1,0,0
Bahamas,BHS,Americas,Latin America and the Caribbean,Caribbean,1,3,1,Americas,https://www.countryflags.io/bs/flat/64.png,0,0,0,0,0,0,0,0,0,0,0,0,0,0,0,0,0,0,0,0,0,0,0,0,0,0,0,0,0,0,0,0,0,0,0,0,0,0,0,0,0,0,0,0,0,0,0,0,0,0,0,0,0,0,0,0,0,0,0,0,0,0,0,0,0,0,0,0,0,1,0,0,3,0,1,1,1,1,0,0,0,0,0,0,0
Azerbaijan,AZE,Asia,Western Asia,,.,.,.,Asia,https://www.countryflags.io/az/flat/64.png,0,0,0,0,0,0,0,0,0,0,0,0,0,0,0,0,0,0,0,0,0,0,0,0,0,0,0,0,0,0,0,0,0,0,0,0,0,0,0,0,0,0,0,0,0,0,0,0,0,0,1,0,0,0,0,0,0,0,0,0,0,0,1,1,0,1,0,0,1,0,0,0,0,2,0,1,0,1,1,1,0,1,1,0,2
Austria,AUT,Europe,Western Europe,,.,.,.,Europe,https://www.countryflags.io/at/flat/64.png,0,0,0,0,0,0,0,0,0,0,0,0,0,0,0,0,0,0,0,0,0,0,0,0,0,0,0,0,0,0,0,0,0,0,0,0,0,0,0,0,0,0,0,0,0,0,0,0,0,1,0,0,0,2,0,1,2,0,2,8,5,7,2,19,9,10,18,22,20,18,12,10,18,18,16,23,30,22,24,18,13,18,16,9,17
Australia,AUS,Oceania,Australia and New Zealand,,.,.,.,Oceania,https://www.countryflags.io/au/flat/64.png,0,0,0,0,0,0,0,0,0,0,0,0,0,0,0,0,0,0,0,0,0,0,0,0,0,0,0,0,0,0,0,0,0,0,0,0,0,0,1,0,0,1,0,0,0,1,0,0,0,0,0,0,0,0,2,1,0,1,0,0,0,1,0,5,0,1,2,1,1,2,4,4,2,5,5,5,5,1,3,3,3,1,1,1,0
Aruba,ABW,Americas,Latin America and the Caribbean,Caribbean,1,.,.,Americas,https://www.countryflags.io/aw/flat/64.png,0,0,0,0,0,0,0,0,0,0,0,0,0,0,0,0,0,0,0,0,0,0,0,0,0,0,0,0,0,0,0,0,0,0,0,0,0,0,0,0,0,0,0,0,0,0,0,0,0,0,0,0,0,0,0,0,0,0,0,0,0,0,0,0,0,0,0,0,0,0,0,0,0,0,0,0,0,0,0,0,0,0,0,1,1
Armenia,ARM,Asia,Western Asia,,.,.,.,Asia,https://www.countryflags.io/am/flat/64.png,0,0,0,0,0,0,0,0,0,0,0,0,0,0,0,0,0,0,0,0,0,0,0,0,0,0,0,0,0,0,0,0,0,0,0,0,0,0,0,0,0,0,0,0,0,0,0,0,0,0,0,0,0,0,0,0,0,0,0,0,0,0,0,1,0,0,2,0,0,1,3,0,0,0,1,0,1,1,2,1,0,1,2,1,1
Argentina,ARG,Americas,Latin America and the Caribbean,South America,1,1,1,Americas,https://www.countryflags.io/ar/flat/64.png,0,0,0,0,0,0,0,0,0,0,0,0,0,0,0,0,0,0,0,0,0,0,0,0,0,0,0,0,0,0,0,0,0,0,0,0,0,0,0,0,0,0,0,0,0,1,0,0,0,0,1,0,0,0,0,0,1,0,1,0,0,2,2,1,4,5,1,4,4,1,8,3,4,1,4,8,7,9,10,1,7,7,5,9,4
Antigua and Barbuda,ATG,Americas,Latin America and the Caribbean,Caribbean,1,.,.,Americas,https://www.countryflags.io/ag/flat/64.png,0,0,0,0,0,0,0,0,0,0,0,0,0,0,0,0,0,0,0,0,0,0,0,0,0,0,0,0,0,0,0,0,0,0,0,0,0,0,0,0,0,0,0,0,0,0,0,0,0,0,0,0,0,0,0,0,0,0,0,0,0,0,0,0,0,0,0,0,0,0,0,0,0,0,0,1,1,0,0,0,0,0,0,0,1
Anguilla,AIA,Americas,Latin America and the Caribbean,Caribbean,1,.,.,,,0,0,0,0,0,0,0,0,0,0,0,0,0,0,0,0,0,0,0,0,0,0,0,0,0,0,0,0,0,0,0,0,0,0,0,0,0,0,0,0,0,0,0,0,0,0,0,0,0,0,0,0,0,0,0,0,0,0,0,0,0,0,0,0,0,0,0,0,0,0,0,0,0,0,0,0,0,0,0,0,0,0,0,0,0
Angola,AGO,Africa,Sub-Saharan Africa,Middle Africa,.,.,.,Africa,https://www.countryflags.io/ao/flat/64.png,0,0,0,0,0,0,0,0,0,0,0,0,0,0,0,0,0,0,0,0,0,0,0,0,0,0,0,0,0,0,0,0,0,0,0,0,0,0,0,0,0,0,0,0,0,0,0,0,0,0,0,0,0,0,0,0,0,0,0,0,0,0,0,0,0,0,2,0,0,0,0,0,0,0,0,0,0,0,0,0,0,0,0,0,0
Andorra,AND,Europe,Southern Europe,,.,.,.,Europe,https://www.countryflags.io/ad/flat/64.png,0,0,0,0,0,0,0,0,0,0,0,0,0,0,0,0,0,0,0,0,0,0,0,0,0,0,0,0,0,0,0,0,0,0,0,0,0,0,0,0,0,0,0,0,0,0,0,0,0,0,0,0,0,0,0,0,0,0,0,1,0,0,0,2,0,0,3,2,4,2,1,1,1,1,3,1,1,2,1,0,3,0,2,2,0
Algeria,DZA,Africa,Northern Africa,,.,.,.,Africa,https://www.countryflags.io/dz/flat/64.png,0,0,0,0,0,0,0,0,0,0,0,0,0,0,0,0,0,0,0,0,0,0,0,0,0,0,0,0,0,0,0,0,0,0,0,0,0,0,0,0,0,0,0,0,0,0,0,0,0,1,1,1,1,0,0,3,2,2,4,2,0,2,2,4,1,3,2,4,9,14,28,19,25,22,21,20,12,30,21,19,18,20,13,10,12
Albania,ALB,Europe,Southern Europe,,.,.,.,Europe,https://www.countryflags.io/al/flat/64.png,0,0,0,0,0,0,0,0,0,0,0,0,0,0,0,0,0,0,0,0,0,0,0,0,0,0,0,0,0,0,0,0,0,0,0,0,0,0,0,0,0,0,0,0,0,0,0,0,1,0,0,0,0,0,0,1,0,0,0,0,2,1,0,1,2,2,0,1,4,0,1,1,3,0,1,1,0,1,0,0,0,0,1,1,1
Afghanistan,AFG,Asia,Southern Asia,,.,.,.,Asia,https://www.countryflags.io/af/flat/64.png,0,0,0,0,0,0,0,0,0,0,0,0,0,0,0,0,0,0,0,0,0,0,0,0,0,0,0,0,0,0,0,0,0,0,0,0,0,0,0,0,0,0,0,0,0,0,0,0,0,0,0,0,0,0,0,0,0,0,0,1,0,0,1,2,0,0,0,0,0,0,2,0,1,0,4,3,0,1,0,3,0,3,2,2,5
